id,CV_idCV,Prog_nr,NascitaN,Settore_,Fascia,PK_IND_FINALE,Year,unipk_taste,dip_pk_taste_match,dip_pk_taste_match_year,dip_pk_taste_all,sc_new,Rank,Full,Associate,Assistant,Rank_n,Rank_prom,Rank_chang,Rank_prom_int,Rank_prom_ext,Rank_prom_int_sam_dep,Rank_prom_int_dif_dep,School_n,School_clean_new,NUTS_Region,stem,tto,Foundation_Year,University_Hospital,Edu_General,Edu_Education,Edu_Humanities_Arts,Edu_Social_Science,Edu_Sciences,Edu_Engineering,Edu_Agriculture,Edu_Health,Edu_Services,Size_All_employ,Size_Grad_Students,pc75_all_D,pc50_all_D,pc25_all_D,pc0_all_D,Award_Value_pu_all,Award_Value_pr_all,Award_Value_pu_all_real,Award_Value_pr_all_real,CF_Socio,Anno,sc,cineca_UNI_PK_link,cinceca_DIP_PK_link,uni_tag,Acad_ent,acc_ita_2012,acc_ita_left,res_dom_same,Proj_PI_int_ST,Proj_PI_naz_ST,Proj_member_int_ST,Proj_member_naz_ST,Proj_PI_int_ACT,Proj_PI_naz_ACT,Proj_member_int_ACT,Proj_member_naz_ACT,Proj_PI_int_ST_Y_2,Proj_PI_naz_ST_Y_2,Proj_member_int_ST_Y_2,Proj_member_naz_ST_Y_2,Proj_PI_int_ACT_Y_2,Proj_PI_naz_ACT_Y_2,Proj_member_int_ACT_Y_2,Proj_member_naz_ACT_Y_2,Proj_PI_int_ST_Y_5,Proj_PI_naz_ST_Y_5,Proj_member_int_ST_Y_5,Proj_member_naz_ST_Y_5,Proj_PI_int_ACT_Y_5,Proj_PI_naz_ACT_Y_5,Proj_member_int_ACT_Y_5,Proj_member_naz_ACT_Y_5,Proj_PI_int_ST_Y_12,Proj_PI_naz_ST_Y_12,Proj_member_int_ST_Y_12,Proj_member_naz_ST_Y_12,Proj_PI_int_ACT_Y_12,Proj_PI_naz_ACT_Y_12,Proj_member_int_ACT_Y_12,Proj_member_naz_ACT_Y_12,Proj_PI_int_ST_Y_all,Proj_PI_naz_ST_Y_all,Proj_member_int_ST_Y_all,Proj_member_naz_ST_Y_all,Proj_PI_int_ACT_Y_all,Proj_PI_naz_ACT_Y_all,Proj_member_int_ACT_Y_all,Proj_member_naz_ACT_Y_all,Proj_PI_int_ST_var_all,Proj_PI_naz_ST_var_all,Proj_member_int_ST_var_all,Proj_member_naz_ST_var_all,Proj_PI_int_ACT_var_all,Proj_PI_naz_ACT_var_all,Proj_member_int_ACT_var_all,Proj_member_naz_ACT_var_all,Proj_PI_int_ST_var_5,Proj_PI_naz_ST_var_5,Proj_member_int_ST_var_5,Proj_member_naz_ST_var_5,Proj_PI_int_ACT_var_5,Proj_PI_naz_ACT_var_5,Proj_member_int_ACT_var_5,Proj_member_naz_ACT_var_5,t_no_Proj_PI_int_ST,t_no_Proj_PI_naz_ST,t_no_Proj_member_int_ST,t_no_Proj_member_naz_ST,t_no_Proj_PI_int_ACT,t_no_Proj_PI_naz_ACT,t_no_Proj_member_int_ACT,t_no_Proj_member_naz_ACT,t_pub_book,t_pub_book_abstract,t_pub_book_chapter,t_pub_conference_abstract,t_pub_conference_paper,t_pub_encyclopedic_entry,t_pub_ip_desing_software,t_pub_ip_patent,t_pub_journal_abstract,t_pub_journal_paper,t_pub_others,t_pub_if,t_Impact_Factor,t_pub_book_Y_2,t_pub_book_abstract_Y_2,t_pub_book_chapter_Y_2,t_pub_conference_abstract_Y_2,t_pub_conference_paper_Y_2,t_pub_encyclopedic_entry_Y_2,t_pub_ip_desing_software_Y_2,t_pub_ip_patent_Y_2,t_pub_journal_abstract_Y_2,t_pub_journal_paper_Y_2,t_pub_others_Y_2,t_pub_if_Y_2,t_Impact_Factor_Y_2,t_pub_book_Y_5,t_pub_book_abstract_Y_5,t_pub_book_chapter_Y_5,t_pub_conference_abstract_Y_5,t_pub_conference_paper_Y_5,t_pub_encyclopedic_entry_Y_5,t_pub_ip_desing_software_Y_5,t_pub_ip_patent_Y_5,t_pub_journal_abstract_Y_5,t_pub_journal_paper_Y_5,t_pub_others_Y_5,t_pub_if_Y_5,t_Impact_Factor_Y_5,t_pub_book_Y_12,t_pub_book_abstract_Y_12,t_pub_book_chapter_Y_12,t_pub_conference_abstract_Y_12,t_pub_conference_paper_Y_12,t_pub_encyclopedic_entry_Y_12,t_pub_ip_desing_software_Y_12,t_pub_ip_patent_Y_12,t_pub_journal_abstract_Y_12,t_pub_journal_paper_Y_12,t_pub_others_Y_12,t_pub_if_Y_12,t_Impact_Factor_Y_12,t_pub_book_Y_all,t_pub_book_abstract_Y_all,t_pub_book_chapter_Y_all,t_pub_conference_abstract_Y_all,t_pub_conference_paper_Y_all,t_pub_encyclopedic_entry_Y_all,t_pub_ip_desing_software_Y_all,t_pub_ip_patent_Y_all,t_pub_journal_abstract_Y_all,t_pub_journal_paper_Y_all,t_pub_others_Y_all,t_pub_if_Y_all,t_Impact_Factor_Y_all,t_pub_book_va_al,t_pub_book_abstract_va_al,t_pub_book_chapter_va_al,t_pub_conference_abstract_va_al,t_pub_conference_paper_va_al,t_pub_encyclopedic_entry_va_al,t_pub_ip_desing_software_va_al,t_pub_ip_patent_va_al,t_pub_journal_abstract_va_al,t_pub_journal_paper_va_al,t_pub_others_va_al,t_pub_if_va_al,t_pub_book_va_5,t_pub_book_abstract_va_5,t_pub_book_chapter_va_5,t_pub_conference_abstract_va_5,t_pub_conference_paper_va_5,t_pub_encyclopedic_entry_va_5,t_pub_ip_desing_software_va_5,t_pub_ip_patent_va_5,t_pub_journal_abstract_va_5,t_pub_journal_paper_va_5,t_pub_others_va_5,t_pub_if_va_5,t_no_pub_jo,t_no_pub_if,y_pub_any,y_pub_jour,y_pub_if,count_pub_cat,count_pub_cat_dif,count_pub_jou_cat,count_pub_jou_cat_diff,jou_dir_ST,jou_mem_ST,book_dir_ST,book_mem_ST,jou_dir_ACT,jou_mem_ACT,book_dir_ACT,book_mem_ACT,jou_dir_ST_Y_2,jou_mem_ST_Y_2,book_dir_ST_Y_2,book_mem_ST_Y_2,jou_dir_ACT_Y_2,jou_mem_ACT_Y_2,book_dir_ACT_Y_2,book_mem_ACT_Y_2,jou_dir_ST_Y_5,jou_mem_ST_Y_5,book_dir_ST_Y_5,book_mem_ST_Y_5,jou_dir_ACT_Y_5,jou_mem_ACT_Y_5,book_dir_ACT_Y_5,book_mem_ACT_Y_5,jou_dir_ST_Y_12,jou_mem_ST_Y_12,book_dir_ST_Y_12,book_mem_ST_Y_12,jou_dir_ACT_Y_12,jou_mem_ACT_Y_12,book_dir_ACT_Y_12,book_mem_ACT_Y_12,jou_dir_ST_Y_all,jou_mem_ST_Y_all,book_dir_ST_Y_all,book_mem_ST_Y_all,jou_dir_ACT_Y_all,jou_mem_ACT_Y_all,book_dir_ACT_Y_all,book_mem_ACT_Y_all,jou_dir_ST_var_all,jou_mem_ST_var_all,book_dir_ST_var_all,book_mem_ST_var_all,jou_dir_ACT_var_all,jou_mem_ACT_var_all,book_dir_ACT_var_all,book_mem_ACT_var_all,jou_dir_ST_var_5,jou_mem_ST_var_5,book_dir_ST_var_5,book_mem_ST_var_5,jou_dir_ACT_var_5,jou_mem_ACT_var_5,book_dir_ACT_var_5,book_mem_ACT_var_5,Fellow_teach_ST,Fellow_rese_ST,Fellow_teach_ST_Y_2,Fellow_rese_ST_Y_2,Fellow_teach_ST_Y_5,Fellow_rese_ST_Y_5,Fellow_teach_ST_Y_12,Fellow_rese_ST_Y_12,Fellow_teach_ST_Y_all,Fellow_rese_ST_Y_all,Fellow_teach_ST_var_all,Fellow_rese_ST_var_all,Fellow_teach_ST_var_5,Fellow_rese_ST_var_5,t_no_Fellow_teach_ST,t_no_Fellow_rese_ST,Fellow_teach_ACT,Fellow_rese_ACT,Fellow_teach_ACT_Y_2,Fellow_rese_ACT_Y_2,Fellow_teach_ACT_Y_5,Fellow_rese_ACT_Y_5,Fellow_teach_ACT_Y_12,Fellow_rese_ACT_Y_12,Fellow_teach_ACT_Y_all,Fellow_rese_ACT_Y_all,Fellow_teach_ACT_var_all,Fellow_rese_ACT_var_all,Fellow_teach_ACT_var_5,Fellow_rese_ACT_var_5,t_no_Fellow_teach_ACT,t_no_Fellow_rese_ACT,dir_ST_naz,dir_ST_int,dir_ACT_naz,dir_ACT_int,dir_ST_naz_Y_2,dir_ST_int_Y_2,dir_ACT_naz_Y_2,dir_ACT_int_Y_2,dir_ST_naz_Y_5,dir_ST_int_Y_5,dir_ACT_naz_Y_5,dir_ACT_int_Y_5,dir_ST_naz_Y_12,dir_ST_int_Y_12,dir_ACT_naz_Y_12,dir_ACT_int_Y_12,dir_ST_naz_Y_all,dir_ST_int_Y_all,dir_ACT_naz_Y_all,dir_ACT_int_Y_all,dir_ST_naz_var_all,dir_ST_int_var_all,dir_ACT_naz_var_all,dir_ACT_int_var_all,dir_ST_naz_var_5,dir_ST_int_var_5,dir_ACT_naz_var_5,dir_ACT_int_var_5,t_no_dir_ST_naz,t_no_dir_ST_int,t_no_dir_ACT_naz,t_no_dir_ACT_int,ITA_firm_id,CF_Imp,cf_socio,gender,quota_nominali,share_acc_uni,share_acc_dip,share_acc_sch,share_acc_ssd,share_acc_rank,share_VC,share_bank,share_indi_academic,share_indi_private,share_industry,share_public_institution,share_university,n_firm,Turnover,Legal_status,Province,Exit,Exit_motiv_all,Exit_failure_n,Exit_failure_year_n,Exit_M_A_n,Exit_transfor,Exit_transfor_year,Year_incorp,PK_uni_taste,PK_regin_taste,NUTS2,NUTS1,Sic_code_full,Sic_code_short,Sic_code_short_des_eng,General_category_ind_ita,Description_eng,VC_entry_year,VC_entry,EUMIDA_ID,F_Share_based,F_Cooperative_consortium,F_Public_company,F_Unlimited_liability,Acc_Ent_pre_2000,N_spin_PRC,Abilitato
506,2268,4872,1978,05/E2,II,?,2012,?,?,?,?,?,?,?,?,?,?,?,?,?,?,?,?,?,?,?,?,?,?,?,?,?,?,?,?,?,?,?,?,?,?,?,?,?,?,?,?,?,?,?,?,?,?,?,?,?,0,0,0,0,0,0,0,0,0,0,0,0,0,0,0,0,0,0,0,0,0,0,0,0,0,0,0,0,0,0,0,0,0,0,0,0,0,0,0,0,0,0,0,0,0,0,0,0,0,0,0,0,0,0,0,0,0,0,0,0,0,0,0,0,0,0,0,0,0,0,0,0,0,0,0,0,5,0,5,22.570999,0,0,0,0,0,0,0,0,0,7,0,7,35.929001,0,0,0,0,1,0,0,0,0,13,0,12,60445,0,0,0,0,3,0,0,0,0,14,0,13,66.885002,0,0,0,0,3,0,0,0,0,14,0,13,66.885002,0,0,0,0,0.285714,0,0,0,0,3.466667,0,2.966667,0,0,0,0,0.2,0,0,0,0,3.8,0,3.3,2,2,2006,2007,2007,12,9,12,9,0,0,0,0,0,0,0,0,0,0,0,0,0,0,0,0,0,0,0,0,0,0,0,0,0,0,0,0,0,0,0,0,0,0,0,0,0,0,0,0,0,0,0,0,0,0,0,0,0,0,0,0,0,0,0,0,0,0,0,0,0,0,0,0,0,0,0,0,0,0,0,0,0,0,0,0,0,0,0,0,0,0,0,0,0,0,0,0,0,0,0,0,0,0,0,0,0,0,0,0,0,0,0,0,0,0,0,0,0,0,0,0,0,0,0,0,0,0,0,0,?,?,?,?,?,?,?,?,?,?,?,?,?,?,?,?,?,?,?,?,?,?,?,?,?,?,?,?,?,?,?,?,?,?,?,?,?,?,?,?,?,?,?,?,?,?,?,No
907,7221,5022,1973,05/E2,II,?,2012,?,?,?,?,?,?,?,?,?,?,?,?,?,?,?,?,?,?,?,?,?,?,?,?,?,?,?,?,?,?,?,?,?,?,?,?,?,?,?,?,?,?,?,?,?,?,?,?,?,0,0,0,0,0,0,0,0,0,0,0,0,0,0,0,0,0,0,0,0,0,0,0,0,0,0,0,0,0,0,0,0,0,0,0,0,0,0,0,0,0,0,0,0,0,0,0,0,0,0,0,0,0,0,0,0,0,0,0,0,0,0,0,0,0,0,0,0,0,0,0,0,0,0,0,0,0,0,0,0,0,0,0,0,0,0,0,0,0,0,0,0,0,0,0,0,0,0,0,0,0,0,0,0,0,0,0,0,0,0,0,0,0,0,0,0,0,0,0,0,0,0,0,0,0,0,0,0,0,0,0,0,0,0,0,0,0,0,0,0,0,0,0,0,0,0,0,0,0,0,0,0,0,0,0,0,0,0,?,?,?,?,?,?,?,0,0,0,0,0,0,0,0,0,0,0,0,0,0,0,0,0,0,0,0,0,0,0,0,0,0,0,0,0,0,0,0,0,0,0,0,0,0,0,0,0,0,0,0,0,0,0,0,0,0,0,0,0,0,0,0,0,0,0,0,0,0,0,0,0,0,0,0,0,0,0,0,0,0,0,0,0,0,0,0,0,0,0,0,0,0,0,0,0,0,0,0,0,0,0,0,0,0,0,0,0,0,0,0,0,0,0,0,0,0,0,0,0,0,0,0,0,0,0,0,?,?,?,?,?,?,?,?,?,?,?,?,?,?,?,?,?,?,?,?,?,?,?,?,?,?,?,?,?,?,?,?,?,?,?,?,?,?,?,?,?,?,?,?,?,?,?,No
960,223,5400,1966,05/E2,II,17599,2012,43,345,345,345,05/I1,Assistant,0,0,1,1,0,0,0,0,0,0,'Nessuna afferenza',?,ITC48,1,Yes,1361,Yes,No,No,Yes,Yes,Yes,Yes,No,Yes,Yes,1099,467,1,0,0,0,7399959,6875.3257,7399959,6875.3257,?,2012,05/I1,43,153,pavia,?,1,0,0,0,0,0,0,0,0,0,0,0,0,0,0,0,0,0,0,0,0,0,0,0,0,0,0,0,0,0,0,0,0,0,0,0,0,0,0,0,0,0,0,0,0,0,0,0,0,0,0,0,0,0,0,0,0,0,0,0,0,0,0,0,0,0,0,0,0,0,0,0,0,0,0,0,2,0,2,15104,0,0,0,0,0,0,0,0,0,3,0,3,22.556999,0,0,0,0,0,0,0,0,0,8,0,8,33.533001,0,0,0,0,0,0,0,0,0,11,0,11,41702,0,0,0,0,0,0,0,0,0,11,0,11,41702,0,0,0,0,0,0,0,0,0,0.285714,0,0.285714,0,0,0,0,0,0,0,0,0,0.3,0,0.3,0,0,2004,2004,2004,9,6,9,6,0,0,0,0,0,0,0,0,0,0,0,0,0,0,0,0,0,0,0,0,0,0,0,0,0,0,0,0,0,0,0,0,0,0,0,0,0,0,0,0,0,0,0,0,0,0,0,0,0,0,0,0,0,0,0,0,0,0,0,0,0,0,0,0,0,0,0,0,0,0,0,0,0,0,0,0,0,0,0,0,0,0,0,0,0,0,0,0,0,0,0,0,0,0,0,0,0,0,0,0,0,0,0,0,0,0,0,0,0,0,0,0,0,0,0,0,0,0,0,0,?,?,?,?,?,?,?,?,?,?,?,?,?,?,?,?,?,?,?,?,?,?,?,?,?,?,?,?,?,?,?,?,?,?,?,?,?,?,?,?,?,?,?,?,?,?,?,No
1143,2607,5013,1970,05/E2,II,?,2012,?,?,?,?,?,?,?,?,?,?,?,?,?,?,?,?,?,?,?,?,?,?,?,?,?,?,?,?,?,?,?,?,?,?,?,?,?,?,?,?,?,?,?,?,?,?,?,?,?,0,0,0,0,0,0,0,0,0,0,0,0,0,0,0,0,0,0,0,0,0,0,0,0,0,0,0,0,0,0,0,0,0,0,0,0,0,0,0,0,0,0,0,0,0,0,0,0,0,0,0,0,0,0,0,0,0,0,0,0,0,0,0,0,0,0,0,0,0,0,0,0,0,0,0,0,0,0,0,0,0,0,0,0,0,0,0,0,0,0,0,0,0,0,0,0,0,0,0,0,0,0,0,0,0,0,0,0,0,0,0,0,0,0,0,0,0,0,0,0,0,0,0,0,0,0,0,0,0,0,0,0,0,0,0,0,0,0,0,0,0,0,0,0,0,0,0,0,0,0,0,0,0,0,0,0,0,0,?,?,?,?,?,?,?,0,0,0,0,0,0,0,0,0,0,0,0,0,0,0,0,0,0,0,0,0,0,0,0,0,0,0,0,0,0,0,0,0,0,0,0,0,0,0,0,0,0,0,0,0,0,0,0,0,0,0,0,0,0,0,0,0,0,0,0,0,0,0,0,0,0,0,0,0,0,0,0,0,0,0,0,0,0,0,0,0,0,0,0,0,0,0,0,0,0,0,0,0,0,0,0,0,0,0,0,0,0,0,0,0,0,0,0,0,0,0,0,0,0,0,0,0,0,0,0,?,?,?,?,?,?,?,?,?,?,?,?,?,?,?,?,?,?,?,?,?,?,?,?,?,?,?,?,?,?,?,?,?,?,?,?,?,?,?,?,?,?,?,?,?,?,?,No
1821,7498,8898,1981,05/E2,II,?,2012,?,?,?,?,?,?,?,?,?,?,?,?,?,?,?,?,?,?,?,?,?,?,?,?,?,?,?,?,?,?,?,?,?,?,?,?,?,?,?,?,?,?,?,?,?,?,?,?,?,0,0,0,0,0,0,0,0,0,0,0,0,0,0,0,0,0,0,0,0,0,0,0,0,0,0,0,0,0,0,0,0,0,0,0,0,0,0,0,0,0,0,0,0,0,0,0,0,0,0,0,0,0,0,0,0,0,0,0,0,0,0,0,0,0,0,0,0,0,0,0,0,0,0,0,0,5,0,4,30493,0,0,0,0,0,0,0,0,0,8,0,7,49.789001,0,0,0,0,0,0,0,0,0,11,0,9,83.851997,0,0,0,0,0,0,0,0,0,11,0,9,83.851997,0,0,0,0,0,0,0,0,0,11,0,9,83.851997,0,0,0,0,0,0,0,0,0,3.2,0,2.25,0,0,0,0,0,0,0,0,0,3.2,0,2.7,0,1,2008,2008,2009,9,7,9,7,0,0,0,0,0,1,0,0,0,1,0,0,0,2,0,0,0,1,0,0,0,2,0,0,0,1,0,0,0,2,0,0,0,1,0,0,0,2,0,0,0,0.5,0,0,0,0,0,0,0,0.5,0,0,0,0,0,0,0,0,0,0,0,0,0,0,0,0,0,0,0,0,0,0,0,0,0,0,0,0,0,0,0,0,0,0,0,0,0,0,0,0,0,0,0,0,0,0,0,0,0,0,0,0,0,0,0,0,0,0,0,0,0,0,0,0,0,0,0,0,0,0,?,?,?,?,?,?,?,?,?,?,?,?,?,?,?,?,?,?,?,?,?,?,?,?,?,?,?,?,?,?,?,?,?,?,?,?,?,?,?,?,?,?,?,?,?,?,?,No
2380,6762,5204,1976,05/E2,II,?,2012,?,?,?,?,?,?,?,?,?,?,?,?,?,?,?,?,?,?,?,?,?,?,?,?,?,?,?,?,?,?,?,?,?,?,?,?,?,?,?,?,?,?,?,?,?,?,?,?,?,0,0,0,0,0,0,0,0,0,0,0,0,0,0,0,0,0,0,0,0,0,0,0,0,0,0,0,0,0,0,0,0,0,0,0,0,0,0,0,0,0,0,0,0,0,0,0,0,0,0,0,0,0,0,0,0,0,0,0,0,0,0,0,0,0,0,0,0,0,0,0,0,0,0,0,0,1,0,1,3329,0,0,0,0,0,0,0,0,0,4,0,4,14.6,0,0,0,0,0,0,0,0,0,9,0,9,30.564999,0,0,0,0,0,0,0,0,0,10,0,10,36.882999,0,0,0,0,0,0,0,0,0,10,0,10,36.882999,0,0,0,0,0,0,0,0,0,0.666667,0,0.666667,0,0,0,0,0,0,0,0,0,0.7,0,0.7,0,0,2004,2004,2004,10,9,10,9,0,0,0,0,0,0,0,0,0,0,0,0,0,0,0,0,0,0,0,0,0,0,0,0,0,0,0,0,0,0,0,0,0,0,0,0,0,0,0,0,0,0,0,0,0,0,0,0,0,0,0,0,0,0,0,0,0,0,0,0,0,0,0,0,0,0,0,0,0,0,0,0,0,0,0,0,0,0,0,0,0,0,0,0,0,0,0,0,0,0,0,0,0,0,0,0,0,0,0,0,0,0,0,0,0,0,0,0,0,0,0,0,0,0,0,0,0,0,0,0,?,?,?,?,?,?,?,?,?,?,?,?,?,?,?,?,?,?,?,?,?,?,?,?,?,?,?,?,?,?,?,?,?,?,?,?,?,?,?,?,?,?,?,?,?,?,?,No
2642,1959,5775,1960,05/E2,II,31401,2012,71,292,292,292,05/E1,Assistant,0,0,1,1,0,0,0,0,0,0,'Nessuna afferenza',?,ITF31,1,No,1991,Yes,No,No,Yes,Yes,Yes,Yes,No,Yes,Yes,1757,338,0,0,0,1,9760.3857,5623.4941,9760.3857,5623.4941,?,2012,05/E1,71,132,napoli_sec,?,1,0,0,0,0,0,0,0,0,0,0,0,0,0,0,0,0,0,0,0,0,0,0,0,0,0,0,0,0,0,0,0,0,0,0,0,0,0,0,0,0,0,0,0,0,0,0,0,0,0,0,0,0,0,0,0,0,0,0,0,0,0,0,0,0,0,0,0,0,0,0,0,0,0,0,0,1,0,0,0,0,0,0,0,0,0,0,0,0,4,0,1,3248,0,0,0,0,0,0,0,0,0,9,0,3,12653,0,0,0,3,0,0,0,1,0,18,0,12,40.290001,0,0,5,4,0,0,0,1,0,50,0,20,62159,0,0,0.233618,0.230769,0,0,0,0.090909,0,0.989418,0,1.648352,0,0,0,0,0,0,0,0,0,0.7,0,0.3,3,17,1982,1982,2000,30,9,27,9,0,4,0,0,1,9,0,0,0,5,0,0,2,14,0,0,0,8,0,0,5,20,0,0,1,9,0,0,7,22,0,0,1,9,0,0,7,22,0,0,0.142857,2.571429,0,0,0,9.476191,0,0,0,3.3,0,0,0,11.000001,0,0,0,0,0,0,0,0,0,0,0,0,0,0,0,0,0,0,0,0,0,0,0,0,0,0,0,0,0,0,0,0,0,0,0,0,0,0,0,0,0,0,0,0,0,0,0,0,0,0,0,0,0,0,0,0,0,0,0,0,0,0,0,0,0,0,?,?,?,?,?,?,?,?,?,?,?,?,?,?,?,?,?,?,?,?,?,?,?,?,?,?,?,?,?,?,?,?,?,?,?,?,?,?,?,?,?,?,?,?,?,?,?,No
3003,6208,9261,1969,05/E2,II,?,2012,?,?,?,?,?,?,?,?,?,?,?,?,?,?,?,?,?,?,?,?,?,?,?,?,?,?,?,?,?,?,?,?,?,?,?,?,?,?,?,?,?,?,?,?,?,?,?,?,?,0,0,0,0,0,0,0,0,0,0,0,0,0,0,0,0,0,0,0,0,0,0,0,0,0,0,0,0,0,0,0,0,0,0,0,0,0,0,0,0,0,0,0,0,0,0,0,0,0,0,0,0,0,0,0,0,0,0,0,0,0,0,0,0,0,0,0,0,1,0,0,0,0,0,0,0,1,0,2,54.476002,0,2,0,0,0,0,0,0,0,4,0,5,68.187004,0,3,0,0,0,0,0,0,0,9,0,11,143.63501,0,6,1,0,0,0,0,0,0,24,0,27,360827,0,6,1,0,0,0,0,0,0,29,0,29,381.52499,0,0.266667,125,0,0,0,0,0,0,1.456044,0,1.358974,0,0.25,0,0,0,0,0,0,0,0.916667,0,0.25,1,1,1997,1997,1998,28,7,24,6,0,0,0,0,0,0,0,0,0,0,0,0,0,0,0,0,0,0,0,0,0,0,0,0,0,0,0,0,0,0,0,0,0,0,0,0,0,0,0,0,0,0,0,0,0,0,0,0,0,0,0,0,0,0,0,0,0,0,0,0,0,0,0,0,0,0,0,0,0,0,0,0,0,0,0,0,0,0,0,0,0,0,0,0,0,0,0,0,0,0,0,0,0,0,0,0,0,0,0,0,0,0,0,0,0,0,0,0,0,0,0,0,0,0,0,0,0,0,0,0,?,?,?,?,?,?,?,?,?,?,?,?,?,?,?,?,?,?,?,?,?,?,?,?,?,?,?,?,?,?,?,?,?,?,?,?,?,?,?,?,?,?,?,?,?,?,?,No
3479,7701,8899,1982,05/E2,II,?,2012,?,?,?,?,?,?,?,?,?,?,?,?,?,?,?,?,?,?,?,?,?,?,?,?,?,?,?,?,?,?,?,?,?,?,?,?,?,?,?,?,?,?,?,?,?,?,?,?,?,0,0,0,0,0,0,0,0,0,0,0,0,0,0,0,0,0,0,0,0,0,0,0,0,0,0,0,0,0,0,0,0,0,0,0,0,0,0,0,0,0,0,0,0,0,0,0,0,0,0,0,0,0,0,0,0,0,0,0,0,0,0,0,0,0,0,0,0,0,0,0,0,0,0,0,0,5,0,2,7733,0,0,0,0,0,0,0,0,0,8,0,4,25778,0,0,0,0,0,0,0,0,1,12,0,9,54.214001,0,0,0,0,0,0,0,0,1,12,0,9,54.214001,0,0,0,0,0,0,0,0,1,12,0,9,54.214001,0,0,0,0,0,0,0,0,0.2,2.8,0,0.2,0,0,0,0,0,0,0,0,0.2,2.8,0,0.2,0,0,2008,2008,2009,6,5,5,4,0,0,0,0,0,0,0,0,0,0,0,0,0,0,0,0,0,0,0,0,0,0,0,0,0,0,0,0,0,0,0,0,0,0,0,0,0,0,0,0,0,0,0,0,0,0,0,0,0,0,0,0,0,0,0,0,0,0,0,0,0,0,0,0,0,0,0,0,0,0,0,0,0,0,0,0,0,0,0,0,0,0,0,0,0,0,0,0,0,0,0,0,0,0,0,0,0,0,0,0,0,0,0,0,0,0,0,0,0,0,0,0,0,0,0,0,0,0,0,0,?,?,?,?,?,?,?,?,?,?,?,?,?,?,?,?,?,?,?,?,?,?,?,?,?,?,?,?,?,?,?,?,?,?,?,?,?,?,?,?,?,?,?,?,?,?,?,No
3540,1926,6490,1979,05/E2,II,?,2012,?,?,?,?,?,?,?,?,?,?,?,?,?,?,?,?,?,?,?,?,?,?,?,?,?,?,?,?,?,?,?,?,?,?,?,?,?,?,?,?,?,?,?,?,?,?,?,?,?,0,0,0,0,0,0,0,0,0,0,0,0,0,0,0,0,0,0,0,0,0,0,0,0,0,0,0,0,0,0,0,0,0,0,0,0,0,0,0,0,0,0,0,0,0,0,0,0,0,0,0,0,0,0,0,0,0,0,0,0,0,0,0,0,0,0,0,0,0,0,2,0,0,0,0,0,1,0,1,5135,0,0,0,3,0,0,0,0,0,2,0,2,7.26,0,0,0,3,9,0,0,0,0,6,0,4,9.728001,0,0,0,3,21,0,0,0,0,11,0,7,16046,0,0,0,3,21,0,0,0,0,11,0,7,16046,0,0,0,0.5,3.211111,0,0,0,0,0.444444,0,125,0,0,0,0.8,4.7,0,0,0,0,0.7,0,0.2,2,3,2003,2004,2005,8,4,8,4,0,0,0,0,0,0,0,0,0,0,0,0,0,0,0,0,0,0,0,0,0,0,0,0,0,0,0,0,0,0,0,0,0,0,0,0,0,0,0,0,0,0,0,0,0,0,0,0,0,0,0,0,0,0,0,0,0,0,0,0,0,0,0,0,0,0,0,0,0,0,0,0,0,0,0,0,0,0,0,0,0,0,0,0,0,0,0,0,0,0,0,0,0,0,0,0,0,0,0,0,0,0,0,0,0,0,0,0,0,0,0,0,0,0,0,0,0,0,0,0,?,?,?,?,?,?,?,?,?,?,?,?,?,?,?,?,?,?,?,?,?,?,?,?,?,?,?,?,?,?,?,?,?,?,?,?,?,?,?,?,?,?,?,?,?,?,?,No
4475,2452,7821,1963,05/E2,II,?,2012,?,?,?,?,?,?,?,?,?,?,?,?,?,?,?,?,?,?,?,?,?,?,?,?,?,?,?,?,?,?,?,?,?,?,?,?,?,?,?,?,?,?,?,?,?,?,?,?,?,0,0,0,0,0,0,0,0,0,0,0,0,0,0,0,0,0,0,0,0,0,0,0,0,0,0,0,0,0,0,0,0,0,0,0,0,0,0,0,0,0,0,0,0,0,0,0,0,0,0,0,0,0,0,0,0,0,0,0,0,0,0,0,0,0,0,0,0,0,0,0,0,0,0,0,0,1,0,1,3.4,0,0,0,0,0,0,0,0,0,4,0,4,13.368999,0,0,1,0,0,0,0,0,0,10,0,9,26073,0,0,2,0,0,0,0,0,0,26,0,25,75.123001,0,0,3,0,0,0,0,0,0,32,0,28,83.931999,0,0,0.192308,0,0,0,0,0,0,0.681319,0,0.807692,0,0,0.2,0,0,0,0,0,0,1,0,1.2,0,1,1995,2000,2000,29,13,28,13,0,0,0,0,0,0,0,0,0,0,0,0,0,0,0,0,0,0,0,0,0,0,0,0,0,0,0,0,0,0,0,0,0,0,0,0,0,0,0,0,0,0,0,0,0,0,0,0,0,0,0,0,0,0,0,0,0,0,0,0,0,0,0,0,0,0,0,0,0,0,0,0,0,0,0,0,0,0,0,0,0,0,0,0,0,0,0,0,0,0,0,0,0,0,0,0,0,0,0,0,0,0,0,0,0,0,0,0,0,0,0,0,0,0,0,0,0,0,0,0,?,?,?,?,?,?,?,?,?,?,?,?,?,?,?,?,?,?,?,?,?,?,?,?,?,?,?,?,?,?,?,?,?,?,?,?,?,?,?,?,?,?,?,?,?,?,?,No
4534,2486,1540,1965,05/E2,II,?,2012,?,?,?,?,?,?,?,?,?,?,?,?,?,?,?,?,?,?,?,?,?,?,?,?,?,?,?,?,?,?,?,?,?,?,?,?,?,?,?,?,?,?,?,?,?,?,?,?,?,0,0,0,0,0,0,0,0,0,0,1,0,0,0,1,0,0,0,3,0,0,0,1,0,0,0,7,0,0,0,4,0,0,0,22,0,4,0,11,0,13,0,43,0,0.161905,0,0.561905,0,0.747619,0,1.247619,0,0,0,0.2,0,0,0,0.3,21,17,21,12,21,13,21,0,0,0,0,0,0,0,0,0,0,1,0,1,4808,0,0,0,0,0,0,0,0,0,2,0,2,10.287001,0,0,1,0,0,0,0,0,0,4,0,3,11677,0,0,2,0,0,0,0,0,0,12,0,8,30555,0,0,3,0,0,0,0,0,0,24,0,12,38.024002,0,0,0.171429,0,0,0,0,0,0,0.588235,0,0.285714,0,0,0.25,0,0,0,0,0,0,0,0,0.25,1,7,1991,1994,1997,12,6,12,6,1,0,0,0,1,0,0,0,1,0,0,0,1,0,0,0,1,0,0,0,1,0,0,0,1,0,0,0,1,0,0,0,1,0,0,0,1,0,0,0,0,0,0,0,0,0,0,0,0,0,0,0,0,0,0,0,0,0,0,0,0,0,0,0,0,0,0,0,0,0,0,0,2,1,4,2,7,4,14,4,16,4,0.272727,0,0.25,0,0,7,0,0,0,0,0,0,0,0,0,0,0,0,0,0,0,0,0,0,0,0,0,0,0,0,0,0,0,0,0,0,0,0,?,?,?,?,?,?,?,?,?,?,?,?,?,?,?,?,?,?,?,?,?,?,?,?,?,?,?,?,?,?,?,?,?,?,?,?,?,?,?,?,?,?,?,?,?,?,?,No
5205,6127,8624,1961,05/E2,II,?,2012,?,?,?,?,?,?,?,?,?,?,?,?,?,?,?,?,?,?,?,?,?,?,?,?,?,?,?,?,?,?,?,?,?,?,?,?,?,?,?,?,?,?,?,?,?,?,?,?,?,0,0,0,0,0,0,0,0,0,0,0,0,0,0,0,0,0,0,0,0,0,0,0,0,0,0,0,0,0,0,0,0,0,0,0,0,0,0,0,0,0,0,0,0,0,0,0,0,0,0,0,0,0,0,0,0,0,0,0,0,0,0,0,0,0,0,0,0,0,0,0,0,0,0,0,0,0,0,0,0,0,0,0,0,0,0,0,0,0,0,0,0,0,0,0,0,0,0,0,0,0,0,0,0,0,0,0,0,0,0,0,0,0,0,0,0,0,0,0,0,0,0,0,0,0,0,0,0,0,0,0,0,0,0,0,0,0,0,0,0,0,0,0,0,0,0,0,0,0,0,0,0,0,0,0,0,0,0,?,?,?,?,?,?,?,3,0,0,0,3,0,0,0,3,0,0,0,3,0,0,0,3,0,0,0,3,0,0,0,3,0,0,0,3,0,0,0,3,0,0,0,3,0,0,0,0,0,0,0,0,0,0,0,0,0,0,0,0,0,0,0,0,0,0,0,0,0,0,0,0,0,0,0,0,0,0,0,0,1,0,2,3,6,8,16,8,29,0.361111,0.106154,0.3,0.2,19,0,0,0,0,0,0,0,0,0,0,0,0,0,0,0,0,0,0,0,0,0,0,0,0,0,0,0,0,0,0,0,0,0,?,?,?,?,?,?,?,?,?,?,?,?,?,?,?,?,?,?,?,?,?,?,?,?,?,?,?,?,?,?,?,?,?,?,?,?,?,?,?,?,?,?,?,?,?,?,?,No
5660,5605,4726,1961,05/E2,II,39861,2012,29,3634,3634,3634,05/E2,Assistant,0,0,1,1,0,0,0,0,0,0,'Scienze Matematiche Fisiche e Naturali',Scienze,ITE1,1,No,1924,Yes,No,Yes,Yes,Yes,Yes,Yes,Yes,Yes,Yes,2265,777,0,0,1,0,26275744,15134.7,26275744,15134.7,?,2012,05/E2,29,1333,firenz,?,1,0,1,0,0,0,0,0,0,0,0,0,0,0,0,0,0,0,0,0,0,0,0,0,0,0,0,0,0,0,0,0,0,0,0,0,0,0,0,0,0,0,0,0,0,0,0,0,0,0,0,0,0,0,0,0,0,0,0,0,0,0,0,0,0,0,0,0,0,0,0,0,0,0,0,0,2,0,2,11207,0,0,0,0,0,0,0,0,0,4,0,3,21105,0,0,0,0,0,0,0,0,0,6,0,5,30465,0,0,1,0,0,0,0,0,0,27,0,20,89.642998,0,0,2,0,0,0,0,0,0,72,0,29,97.846001,0,0,0.090476,0,0,0,0,0,0,3.664032,0,2.525641,0,0,0,0,0,0,0,0,0,0.333333,0,0.25,0,10,1987,1987,1999,47,11,47,11,0,0,0,0,0,0,0,0,0,0,0,0,0,0,0,0,0,0,0,0,0,0,0,0,0,0,0,0,0,0,0,0,0,0,0,0,0,0,0,0,0,0,0,0,0,0,0,0,0,0,0,0,0,0,0,0,0,0,0,0,0,0,0,0,0,0,0,0,0,0,0,0,0,0,0,0,0,0,0,0,0,0,0,0,0,0,0,0,0,0,0,0,0,0,0,0,0,0,0,0,0,0,0,0,0,0,0,0,0,0,0,0,0,0,0,0,0,0,0,0,?,?,?,?,?,?,?,?,?,?,?,?,?,?,?,?,?,?,?,?,?,?,?,?,?,?,?,?,?,?,?,?,?,?,?,?,?,?,?,?,?,?,?,?,?,?,?,No
6748,6242,6281,1981,05/E2,II,?,2012,?,?,?,?,?,?,?,?,?,?,?,?,?,?,?,?,?,?,?,?,?,?,?,?,?,?,?,?,?,?,?,?,?,?,?,?,?,?,?,?,?,?,?,?,?,?,?,?,?,0,0,0,0,0,0,0,0,0,0,0,0,0,0,0,0,0,0,0,0,0,0,0,0,0,0,0,0,0,0,0,0,0,0,0,0,0,0,0,0,0,0,0,0,0,0,0,0,0,0,0,0,0,0,0,0,0,0,0,0,0,0,0,0,0,0,0,1,0,0,0,0,0,0,0,0,7,0,6,34.023998,1,0,0,0,0,0,0,0,1,8,0,8,39.738998,1,0,0,0,0,0,0,0,2,10,0,10,45.836998,1,0,0,0,0,0,0,0,3,10,0,10,45.836998,1,0,0,0,0,0,0,0,3,10,0,10,45.836998,0,0,0,0,0,0,0,0,0.3,8,0,5.5,0.2,0,0,0,0,0,0,0,0.3,8,0,5.5,2,2,2007,2008,2008,10,6,9,5,0,2,0,0,0,2,0,0,0,2,0,0,0,2,0,0,0,2,0,0,0,2,0,0,0,2,0,0,0,2,0,0,0,2,0,0,0,2,0,0,0,0,0,0,0,0,0,0,0,0,0,0,0,0,0,0,0,0,0,0,0,0,0,0,0,0,0,0,0,0,0,0,0,2,0,4,0,7,0,9,0,9,0,0.238095,0,0.3,7,0,0,0,0,0,0,0,0,0,0,0,0,0,0,0,0,0,0,0,0,0,0,0,0,0,0,0,0,0,0,0,0,0,?,?,?,?,?,?,?,?,?,?,?,?,?,?,?,?,?,?,?,?,?,?,?,?,?,?,?,?,?,?,?,?,?,?,?,?,?,?,?,?,?,?,?,?,?,?,?,No
7419,6639,9580,1979,05/E2,II,?,2012,?,?,?,?,?,?,?,?,?,?,?,?,?,?,?,?,?,?,?,?,?,?,?,?,?,?,?,?,?,?,?,?,?,?,?,?,?,?,?,?,?,?,?,?,?,?,?,?,?,0,0,0,0,0,0,0,0,0,0,1,0,0,0,0,0,0,0,2,0,0,0,1,0,0,0,3,0,0,0,1,0,0,0,3,0,0,0,1,0,0,0,3,0,0,0,0.333333,0,0,0,0,0,0,0,0.333333,0,0,0,0,3,3,3,2,3,3,3,0,0,0,0,3,0,0,0,0,0,1,0,1,2333,0,0,0,3,1,0,0,0,0,1,0,1,2333,0,0,0,4,1,0,0,0,0,10,0,8,54.412003,0,0,0,17,1,0,0,0,0,16,0,13,70.789001,0,0,0,17,1,0,0,0,0,16,0,13,70.789001,0,0,0,15.619047,0.5,0,0,0,0,1.444444,0,1.410714,0,0,0,1.7,0.2,0,0,0,0,2.5,0,2.3,1,2,2003,2003,2004,13,4,13,4,0,0,0,0,0,0,0,0,0,0,0,0,0,0,0,0,0,0,0,0,0,0,0,0,0,0,0,0,0,0,0,0,0,0,0,0,0,0,0,0,0,0,0,0,0,0,0,0,0,0,0,0,0,0,0,0,0,0,0,0,0,0,0,0,0,0,0,0,0,0,0,0,0,0,0,0,0,0,0,0,0,0,0,0,0,0,0,0,0,0,0,0,0,0,0,0,0,0,0,0,0,0,0,0,0,0,0,0,0,0,0,0,0,0,0,0,0,0,0,0,?,?,?,?,?,?,?,?,?,?,?,?,?,?,?,?,?,?,?,?,?,?,?,?,?,?,?,?,?,?,?,?,?,?,?,?,?,?,?,?,?,?,?,?,?,?,?,No
10221,9601,8616,1981,05/E2,II,?,2012,?,?,?,?,?,?,?,?,?,?,?,?,?,?,?,?,?,?,?,?,?,?,?,?,?,?,?,?,?,?,?,?,?,?,?,?,?,?,?,?,?,?,?,?,?,?,?,?,?,0,0,0,0,0,0,0,0,0,0,0,0,0,0,0,0,0,0,0,0,0,0,0,0,0,0,0,0,0,0,0,0,0,0,0,0,0,0,0,0,0,0,0,0,0,0,0,0,0,0,0,0,0,0,0,0,0,0,0,0,0,0,0,0,0,0,0,0,0,0,0,0,0,0,0,0,3,0,3,16.110001,0,0,0,0,0,0,0,0,0,6,0,5,34.154999,0,0,0,0,0,0,0,0,0,10,0,9,63.364998,0,0,0,0,0,0,0,0,0,10,0,9,63.364998,0,0,0,0,0,0,0,0,0,10,0,9,63.364998,0,0,0,0,0,0,0,0,0,0.333333,0,1,0,0,0,0,0,0,0,0,0,0.333333,0,1,0,0,2010,?,?,10,4,10,4,0,0,0,0,0,0,0,0,0,0,0,0,0,0,0,0,0,0,0,0,0,0,0,0,0,0,0,0,0,0,0,0,0,0,0,0,0,0,0,0,0,0,0,0,0,0,0,0,0,0,0,0,0,0,0,0,0,0,0,0,0,0,0,0,0,0,0,0,0,0,0,0,0,0,0,0,0,0,0,0,0,0,0,0,0,0,0,0,0,0,0,0,0,0,0,0,0,0,0,0,0,0,0,0,0,0,0,0,0,0,0,0,0,0,0,0,0,0,0,0,?,?,?,?,?,?,?,?,?,?,?,?,?,?,?,?,?,?,?,?,?,?,?,?,?,?,?,?,?,?,?,?,?,?,?,?,?,?,?,?,?,?,?,?,?,?,?,No
10269,8391,7256,1976,05/E2,II,?,2012,?,?,?,?,?,?,?,?,?,?,?,?,?,?,?,?,?,?,?,?,?,?,?,?,?,?,?,?,?,?,?,?,?,?,?,?,?,?,?,?,?,?,?,?,?,?,?,?,?,0,0,0,0,0,0,0,0,0,0,0,0,0,0,0,0,0,0,0,0,0,0,0,0,0,0,0,0,0,0,0,0,0,0,0,0,0,0,0,0,0,0,0,0,0,0,0,0,0,0,0,0,0,0,0,0,0,0,0,0,0,0,0,0,0,0,0,0,0,0,1,0,0,0,0,0,2,0,2,6085,0,0,0,1,0,0,0,0,0,3,0,2,6085,0,0,0,1,0,0,0,0,0,6,0,5,20077,0,0,0,6,0,0,0,0,0,9,0,7,26628,0,0,0,6,0,0,0,0,0,9,0,7,26628,0,0,0,0.5,0,0,0,0,0,0.696429,0,0.696429,0,0,0,0.25,0,0,0,0,0,0.333333,0,0.916667,2,3,2004,2006,2004,8,5,8,5,0,2,0,0,0,2,0,0,0,2,0,0,0,2,0,0,0,2,0,0,0,2,0,0,0,2,0,0,0,2,0,0,0,2,0,0,0,2,0,0,0,0,0,0,0,0,0,0,0,0,0,0,0,0,0,0,0,0,0,0,0,0,0,0,0,0,0,0,0,0,0,0,0,1,0,2,0,5,0,5,0,5,0,0.25,0,0.25,4,0,0,0,0,0,0,0,0,0,0,0,0,0,0,0,0,0,0,0,0,0,0,0,0,0,0,0,0,0,0,0,0,0,?,?,?,?,?,?,?,?,?,?,?,?,?,?,?,?,?,?,?,?,?,?,?,?,?,?,?,?,?,?,?,?,?,?,?,?,?,?,?,?,?,?,?,?,?,?,?,No
10341,8435,9962,1973,05/E2,II,?,2012,?,?,?,?,?,?,?,?,?,?,?,?,?,?,?,?,?,?,?,?,?,?,?,?,?,?,?,?,?,?,?,?,?,?,?,?,?,?,?,?,?,?,?,?,?,?,?,?,?,0,0,0,0,0,0,0,0,0,0,0,0,0,0,0,0,0,0,0,0,0,0,0,0,0,0,0,0,0,0,0,0,0,0,0,0,0,0,0,0,0,0,0,0,0,0,0,0,0,0,0,0,0,0,0,0,0,0,0,0,0,0,0,0,0,0,0,0,0,0,0,0,0,0,0,0,0,0,0,0,0,0,0,0,0,0,0,0,0,0,0,0,0,0,0,0,0,0,0,0,0,0,0,0,0,0,0,0,0,0,0,0,0,0,0,0,0,0,0,0,0,0,0,0,0,0,0,0,0,0,0,0,0,0,0,0,0,0,0,0,0,0,0,0,0,0,0,0,0,0,0,0,0,0,0,0,0,0,?,?,?,?,?,?,?,0,0,0,0,0,0,0,0,0,0,0,0,0,0,0,0,0,0,0,0,0,0,0,0,0,0,0,0,0,0,0,0,0,0,0,0,0,0,0,0,0,0,0,0,0,0,0,0,0,0,0,0,0,0,0,0,0,0,0,0,0,0,0,0,0,0,0,0,0,0,0,0,0,0,0,0,0,0,0,0,0,0,0,0,0,0,0,0,0,0,0,0,0,0,0,0,0,0,0,0,0,0,0,0,0,0,0,0,0,0,0,0,0,0,0,0,0,0,0,0,?,?,?,?,?,?,?,?,?,?,?,?,?,?,?,?,?,?,?,?,?,?,?,?,?,?,?,?,?,?,?,?,?,?,?,?,?,?,?,?,?,?,?,?,?,?,?,No
10813,8730,546,1968,05/E2,II,52505,2012,58,?,?,449,05/E2,Assistant,0,0,1,1,0,0,0,0,0,0,'Scienze Matematiche Fisiche e Naturali',Scienze,ITH31,1,Yes,1982,Yes,No,Yes,Yes,Yes,Yes,No,Yes,Yes,Yes,208,75,0,1,0,0,4840.3579,489.88391,4840.3579,489.88391,?,2012,05/E2,58,197,veron,?,1,0,1,0,0,0,0,0,0,0,1,0,0,0,0,0,0,0,2,0,0,0,2,0,0,0,6,0,0,0,5,0,0,0,13,0,0,0,5,0,0,0,13,0,0,0,0.272727,0,0,0,0.163636,0,0,0,0.3,0,0,0,0.2,11,11,11,6,11,11,11,0,0,0,0,0,1,0,0,0,0,0,0,0,0,0,0,0,0,3,0,0,0,0,2,0,2,8477,0,0,0,0,8,0,0,0,0,7,0,6,23.817001,0,0,0,0,39,0,0,0,0,27,1,26,94445,0,0,0,0,48,0,0,0,0,29,1,28,100806,0,0,0,0,3.066667,0,0,0,0,2.209524,0.090909,1.552381,0,0,0,0,0.3,0,0,0,0,0.8,0,0.7,2,2,1992,1998,1998,27,6,24,4,0,0,0,0,0,0,0,0,0,0,0,0,0,0,0,0,0,0,0,0,0,0,0,0,0,0,0,0,0,0,0,0,0,0,0,0,0,0,0,0,0,0,0,0,0,0,0,0,0,0,0,0,0,0,0,0,0,0,0,0,0,0,0,0,0,0,0,0,0,0,0,0,0,0,0,0,0,0,0,0,0,0,0,0,0,0,0,0,0,0,0,0,0,0,0,0,0,0,0,0,0,0,0,0,0,0,0,0,0,0,0,0,0,0,0,0,0,0,0,0,?,?,?,?,?,?,?,?,?,?,?,?,?,?,?,?,?,?,?,?,?,?,?,?,?,?,?,?,?,?,?,?,?,?,?,?,?,?,?,?,?,?,?,?,?,?,?,No
11899,9424,2396,1975,05/E2,II,?,2012,?,?,?,?,?,?,?,?,?,?,?,?,?,?,?,?,?,?,?,?,?,?,?,?,?,?,?,?,?,?,?,?,?,?,?,?,?,?,?,?,?,?,?,?,?,?,?,?,?,0,0,0,0,0,0,0,0,0,0,0,0,0,0,0,0,0,0,0,0,0,0,0,0,0,0,0,0,0,0,0,0,0,0,0,0,0,0,0,0,0,0,0,0,0,0,0,0,0,0,0,0,0,0,0,0,0,0,0,0,0,0,0,0,0,0,0,0,0,0,0,0,0,0,0,2,6,0,8,58.007999,0,0,0,0,0,0,0,0,4,9,0,12,70902,0,0,0,0,0,0,0,0,11,20,0,25,176526,0,0,0,0,0,0,0,0,22,27,0,41,326.98999,0,0,0,0,0,0,0,0,22,27,0,41,326.98999,0,0,0,0,0,0,0,0,0.897436,3.295455,0,3.641026,0,0,0,0,0,0,0,0,1.2,2,0,3,2,0,2000,2001,2000,42,11,21,11,0,1,0,0,0,1,0,0,0,1,0,0,0,1,0,0,0,1,0,0,0,1,0,0,0,1,0,0,0,1,0,0,0,1,0,0,0,1,0,0,0,0,0,0,0,0,0,0,0,0,0,0,0,0,0,0,0,0,0,0,0,0,0,0,0,0,0,0,0,0,0,0,0,0,0,0,0,0,0,0,0,0,0,0,0,0,0,0,0,0,0,0,0,0,0,0,0,0,0,0,0,0,0,0,0,0,0,0,0,0,0,0,0,0,0,0,0,0,0,0,?,?,?,?,?,?,?,?,?,?,?,?,?,?,?,?,?,?,?,?,?,?,?,?,?,?,?,?,?,?,?,?,?,?,?,?,?,?,?,?,?,?,?,?,?,?,?,No
12420,12617,11246,1980,05/E2,II,?,2012,?,?,?,?,?,?,?,?,?,?,?,?,?,?,?,?,?,?,?,?,?,?,?,?,?,?,?,?,?,?,?,?,?,?,?,?,?,?,?,?,?,?,?,?,?,?,?,?,?,0,0,0,0,0,0,0,0,0,0,0,0,0,0,0,0,0,0,0,0,0,0,0,0,0,0,0,0,0,0,0,0,0,0,0,0,0,0,0,0,0,0,0,0,0,0,0,0,0,0,0,0,0,0,0,0,0,0,0,0,0,0,0,0,0,0,0,0,0,0,0,0,0,0,0,0,8,0,6,20.212999,0,0,0,0,0,0,0,0,0,11,0,9,37.264999,0,0,0,0,0,0,0,0,0,15,0,13,53.367001,0,0,0,0,0,0,0,0,0,15,0,13,53.367001,0,0,0,0,0,0,0,0,0,15,0,13,53.367001,0,0,0,0,0,0,0,0,0,8.916666,0,4.25,0,0,0,0,0,0,0,0,0,8.916666,0,4.25,0,0,2009,2010,2010,13,3,13,3,0,0,0,0,0,0,0,0,0,0,0,0,0,0,0,0,0,0,0,0,0,0,0,0,0,0,0,0,0,0,0,0,0,0,0,0,0,0,0,0,0,0,0,0,0,0,0,0,0,0,0,0,0,0,0,0,0,0,0,0,0,0,0,0,0,0,0,0,0,0,0,0,0,0,0,0,0,0,0,0,0,0,0,0,0,0,0,0,0,0,0,0,0,0,0,0,0,0,0,0,0,0,0,0,0,0,0,0,0,0,0,0,0,0,0,0,0,0,0,0,?,?,?,?,?,?,?,?,?,?,?,?,?,?,?,?,?,?,?,?,?,?,?,?,?,?,?,?,?,?,?,?,?,?,?,?,?,?,?,?,?,?,?,?,?,?,?,No
12653,9878,11550,1976,05/E2,II,?,2012,?,?,?,?,?,?,?,?,?,?,?,?,?,?,?,?,?,?,?,?,?,?,?,?,?,?,?,?,?,?,?,?,?,?,?,?,?,?,?,?,?,?,?,?,?,?,?,?,?,0,0,0,0,0,0,0,0,0,0,0,0,0,0,0,0,0,0,0,0,0,0,0,0,0,0,0,0,0,0,0,0,0,0,0,0,0,0,0,0,0,0,0,0,0,0,0,0,0,0,0,0,0,0,0,0,0,0,0,0,0,0,0,0,0,0,0,0,0,0,0,0,0,0,0,0,3,0,2,45.373001,0,0,0,0,0,0,0,0,0,6,0,3,49118,0,0,1,1,0,0,0,0,0,23,0,14,91.150002,0,0,2,1,0,0,0,0,0,29,0,17,95.887001,0,0,2,1,0,0,0,0,0,29,0,17,95.887001,0,0,0.238095,0.2,0,0,0,0,0,3.944444,0,2.361111,0,0,0.2,0.2,0,0,0,0,0,2.3,0,2.2,0,1,2000,2000,2000,18,10,18,10,0,0,0,0,0,3,0,0,0,1,0,0,0,6,0,0,0,2,0,0,0,10,0,0,0,3,0,0,0,11,0,0,0,3,0,0,0,11,0,0,0,0.3,0,0,0,0.966667,0,0,0,0.3,0,0,0,1,0,0,0,0,0,0,0,0,0,0,0,0,0,0,0,0,0,0,0,1,0,3,0,4,0,4,0,4,0,0.333333,0,0.333333,3,0,0,0,0,0,0,0,0,0,0,0,0,0,0,0,0,0,0,0,0,0,0,0,0,0,0,0,0,0,0,0,0,0,?,?,?,?,?,?,?,?,?,?,?,?,?,?,?,?,?,?,?,?,?,?,?,?,?,?,?,?,?,?,?,?,?,?,?,?,?,?,?,?,?,?,?,?,?,?,?,No
13108,12065,11633,1971,05/E2,II,?,2012,?,?,?,?,?,?,?,?,?,?,?,?,?,?,?,?,?,?,?,?,?,?,?,?,?,?,?,?,?,?,?,?,?,?,?,?,?,?,?,?,?,?,?,?,?,?,?,?,?,0,0,0,0,0,0,0,0,0,0,0,0,0,0,0,0,0,0,0,0,0,0,0,0,0,0,0,0,0,0,0,0,0,0,0,0,0,0,0,0,0,0,0,0,0,0,0,0,0,0,0,0,0,0,0,0,0,0,0,0,0,0,0,0,0,0,0,0,0,0,0,0,0,0,0,0,1,0,1,8136,0,0,0,0,0,0,0,0,0,1,0,1,8136,0,0,0,0,0,0,0,0,0,3,0,3,13096,0,0,0,0,0,0,0,0,0,6,0,5,26.65,0,0,0,0,0,0,0,0,0,10,0,6,28.396999,0,0,0,0,0,0,0,0,0,0.214286,0,0.47619,0,0,0,0,0,0,0,0,0,0.5,0,0.5,0,3,1996,1996,1997,5,4,5,4,0,0,0,0,0,0,0,0,0,0,0,0,0,0,0,0,0,0,0,0,0,0,0,0,0,0,0,0,0,0,0,0,0,0,0,0,0,0,0,0,0,0,0,0,0,0,0,0,0,0,0,0,0,0,0,0,0,0,0,0,0,0,0,0,0,0,0,0,0,0,0,0,0,0,0,0,0,0,0,0,0,0,0,0,0,0,0,0,0,0,0,0,0,0,0,0,0,0,0,0,0,0,0,0,0,0,0,0,0,0,0,0,0,0,0,0,0,0,0,0,?,?,?,?,?,?,?,?,?,?,?,?,?,?,?,?,?,?,?,?,?,?,?,?,?,?,?,?,?,?,?,?,?,?,?,?,?,?,?,?,?,?,?,?,?,?,?,No
13830,14737,10483,1976,05/E2,II,?,2012,?,?,?,?,?,?,?,?,?,?,?,?,?,?,?,?,?,?,?,?,?,?,?,?,?,?,?,?,?,?,?,?,?,?,?,?,?,?,?,?,?,?,?,?,?,?,?,?,?,0,0,0,0,0,0,0,0,0,0,0,0,0,0,0,0,0,0,0,0,0,0,0,0,0,0,0,0,0,0,0,0,0,0,0,0,0,0,0,0,0,0,0,0,0,0,0,0,0,0,0,0,0,0,0,0,0,0,0,0,0,0,0,0,0,0,0,0,0,0,0,0,0,0,0,0,2,0,1,3544,0,0,0,0,0,0,0,0,0,4,0,2,13.514999,0,0,0,0,0,0,0,0,0,9,0,3,14592,0,0,1,1,0,0,0,0,0,14,0,8,41.795998,0,0,1,1,0,0,0,0,0,14,0,8,41.795998,0,0,0.1,0.1,0,0,0,0,0,0.277778,0,0.4,0,0,0,0,0,0,0,0,0,0.2,0,0.3,1,3,2003,2005,2003,9,4,8,4,0,2,0,0,0,2,0,0,0,2,0,0,0,2,0,0,0,2,0,0,0,2,0,0,0,2,0,0,0,2,0,0,0,2,0,0,0,2,0,0,0,0,0,0,0,0,0,0,0,0,0,0,0,0,0,0,0,0,0,0,0,0,0,0,0,0,0,0,0,0,0,0,0,0,0,0,0,0,0,0,0,0,0,0,0,0,0,0,0,0,0,0,0,0,0,0,0,0,0,0,0,0,0,0,0,0,0,0,0,0,0,0,0,0,0,0,0,0,0,0,?,?,?,?,?,?,?,?,?,?,?,?,?,?,?,?,?,?,?,?,?,?,?,?,?,?,?,?,?,?,?,?,?,?,?,?,?,?,?,?,?,?,?,?,?,?,?,No
15025,11294,11565,1981,05/E2,II,?,2012,?,?,?,?,?,?,?,?,?,?,?,?,?,?,?,?,?,?,?,?,?,?,?,?,?,?,?,?,?,?,?,?,?,?,?,?,?,?,?,?,?,?,?,?,?,?,?,?,?,0,0,0,0,0,0,0,0,0,0,0,0,0,0,0,0,0,0,0,0,0,0,0,0,0,0,0,0,0,0,0,0,0,0,0,0,0,0,0,0,0,0,0,0,0,0,0,0,0,0,0,0,0,0,0,0,0,0,0,0,0,0,0,0,0,0,0,0,0,0,0,0,0,0,0,0,3,0,3,12745,0,0,0,0,1,0,0,0,0,4,0,3,12745,0,0,0,0,9,0,0,0,0,9,0,7,30621,0,0,0,0,10,0,0,0,0,10,0,8,38.292999,0,0,0,0,10,0,0,0,0,10,0,8,38.292999,0,0,0,0,2.952381,0,0,0,0,1.466667,0,1.866667,0,0,0,0,3.7,0,0,0,0,1.7,0,2.3,2,3,2006,2007,2007,8,4,8,4,0,0,0,0,0,0,0,0,0,0,0,0,0,0,0,0,0,0,0,0,0,0,0,0,0,0,0,0,0,0,0,0,0,0,0,0,0,0,0,0,0,0,0,0,0,0,0,0,0,0,0,0,0,0,0,0,0,0,0,0,0,0,0,0,0,0,0,0,0,0,0,0,0,0,0,0,0,0,0,0,0,0,0,0,0,0,0,0,0,0,0,0,0,0,0,0,0,0,0,0,0,0,0,0,0,0,0,0,0,0,0,0,0,0,0,0,0,0,0,0,?,?,?,?,?,?,?,?,?,?,?,?,?,?,?,?,?,?,?,?,?,?,?,?,?,?,?,?,?,?,?,?,?,?,?,?,?,?,?,?,?,?,?,?,?,?,?,No
15721,11724,11506,1965,05/E2,II,?,2012,?,?,?,?,?,?,?,?,?,?,?,?,?,?,?,?,?,?,?,?,?,?,?,?,?,?,?,?,?,?,?,?,?,?,?,?,?,?,?,?,?,?,?,?,?,?,?,?,?,0,0,0,0,0,0,0,0,0,0,0,0,0,0,0,0,0,0,0,0,0,0,0,0,0,0,0,0,0,0,0,0,0,0,0,0,0,0,0,0,0,0,0,0,0,0,0,0,0,0,0,0,0,0,0,0,0,0,0,0,0,0,0,0,0,0,0,0,0,0,0,0,0,0,0,0,0,0,0,0,0,0,0,0,0,0,0,0,0,0,0,0,0,0,0,0,0,0,0,0,0,0,0,0,0,0,0,0,0,0,0,0,0,0,0,0,0,0,0,0,0,0,0,0,0,0,0,0,0,0,0,0,0,0,0,0,0,0,0,0,0,0,0,0,0,0,0,0,0,0,0,0,0,0,0,0,0,0,?,?,?,?,?,?,?,0,0,0,0,0,0,0,0,0,0,0,0,0,0,0,0,0,0,0,0,0,0,0,0,0,0,0,0,0,0,0,0,0,0,0,0,0,0,0,0,0,0,0,0,0,0,0,0,0,0,0,0,0,0,0,0,0,0,0,0,0,0,0,0,0,0,0,0,0,0,0,0,1,1,2,2,5,5,9,14,9,20,0,0.052632,0,0,10,0,0,0,0,0,0,0,0,0,0,0,0,0,0,0,0,0,0,0,0,0,0,0,0,0,0,0,0,0,0,0,0,0,?,?,?,?,?,?,?,?,?,?,?,?,?,?,?,?,?,?,?,?,?,?,?,?,?,?,?,?,?,?,?,?,?,?,?,?,?,?,?,?,?,?,?,?,?,?,?,No
16047,13319,13430,1977,05/E2,II,?,2012,?,?,?,?,?,?,?,?,?,?,?,?,?,?,?,?,?,?,?,?,?,?,?,?,?,?,?,?,?,?,?,?,?,?,?,?,?,?,?,?,?,?,?,?,?,?,?,?,?,0,0,0,0,0,0,0,0,0,0,0,0,0,0,0,0,0,0,0,0,0,0,0,0,0,0,0,0,0,0,0,0,0,0,0,0,0,0,0,0,0,0,0,0,0,0,0,0,0,0,0,0,0,0,0,0,0,0,0,0,0,0,0,0,0,0,0,0,0,0,1,0,0,0,0,0,2,0,2,15762,0,0,0,1,0,0,0,0,0,3,0,3,19854,0,0,0,4,0,0,0,0,0,5,0,5,30607,0,0,0,7,0,0,0,0,0,5,0,5,30607,0,0,0,7,0,0,0,0,0,5,0,5,30607,0,0,0,0.666667,0,0,0,0,0,0.25,0,0.25,0,0,0,0.7,0,0,0,0,0,0.5,0,0.5,3,3,2005,2009,2009,5,4,5,4,0,0,0,0,0,0,0,0,0,0,0,0,0,0,0,0,0,0,0,0,0,0,0,0,0,0,0,0,0,0,0,0,0,0,0,0,0,0,0,0,0,0,0,0,0,0,0,0,0,0,0,0,0,0,0,0,0,0,0,0,0,0,0,0,0,0,0,0,0,0,0,0,0,1,0,2,0,5,0,11,0,11,0,0.1,0,0,10,0,0,0,0,0,0,0,0,0,0,0,0,0,0,0,0,0,0,0,0,0,0,0,0,0,0,0,0,0,0,0,0,0,?,?,?,?,?,?,?,?,?,?,?,?,?,?,?,?,?,?,?,?,?,?,?,?,?,?,?,?,?,?,?,?,?,?,?,?,?,?,?,?,?,?,?,?,?,?,?,No
16365,14813,12358,1973,05/E2,II,?,2012,?,?,?,?,?,?,?,?,?,?,?,?,?,?,?,?,?,?,?,?,?,?,?,?,?,?,?,?,?,?,?,?,?,?,?,?,?,?,?,?,?,?,?,?,?,?,?,?,?,0,0,0,0,1,0,0,0,1,0,0,0,2,0,0,0,2,0,0,0,3,0,1,0,3,0,2,0,5,0,1,0,6,0,2,0,5,0,2,0,6,0,4,0,0.166667,0,0.214286,0,0.4,0,0.285714,0,0.25,0,0.25,0,0.25,0,0.333333,8,3,8,6,8,3,8,4,0,0,0,3,0,0,0,0,0,6,0,5,23643,0,0,0,3,0,0,0,0,0,9,0,8,39.697998,0,0,1,6,0,0,0,0,0,17,0,16,65.823997,0,0,1,12,0,0,0,0,0,29,0,27,119593,0,0,1,12,0,0,0,0,0,29,0,27,119593,0,0,0.2,0.727273,0,0,0,0,0,3.854545,0,3.472727,0,0,0.2,1.2,0,0,0,0,0,4.3,0,3.2,2,2,2001,2002,2002,26,11,26,11,0,0,0,0,0,1,0,1,0,0,0,0,0,2,0,2,0,1,0,1,0,3,0,5,0,1,0,1,0,3,0,5,0,1,0,1,0,3,0,5,0,0.333333,0,0.2,0,0,0,0,0,0.2,0,0.2,0,0.3,0,0,0,0,0,0,0,0,0,0,0,0,0,0,0,0,0,0,0,0,0,0,0,0,0,0,0,0,0,0,0,0,0,0,0,0,0,0,0,0,0,0,0,0,0,0,0,0,0,0,0,0,0,0,0,0,0,0,0,0,0,0,0,0,0,0,?,?,?,?,?,?,?,?,?,?,?,?,?,?,?,?,?,?,?,?,?,?,?,?,?,?,?,?,?,?,?,?,?,?,?,?,?,?,?,?,?,?,?,?,?,?,?,No
17292,16685,12073,1977,05/E2,II,?,2012,?,?,?,?,?,?,?,?,?,?,?,?,?,?,?,?,?,?,?,?,?,?,?,?,?,?,?,?,?,?,?,?,?,?,?,?,?,?,?,?,?,?,?,?,?,?,?,?,?,0,0,0,0,0,0,0,0,0,0,0,0,0,0,0,0,0,0,0,0,0,0,0,0,0,0,0,0,0,0,0,0,0,0,0,0,0,0,0,0,0,0,0,0,0,0,0,0,0,0,0,0,0,0,0,0,0,0,0,0,0,0,0,0,0,0,0,0,0,0,0,0,0,0,0,0,0,0,0,0,0,0,0,0,0,0,0,0,0,0,0,0,0,0,0,0,0,0,0,0,0,0,0,0,0,0,0,0,0,0,0,0,0,0,0,0,0,0,0,0,0,0,0,0,0,0,0,0,0,0,0,0,0,0,0,0,0,0,0,0,0,0,0,0,0,0,0,0,0,0,0,0,0,0,0,0,0,0,?,?,?,?,?,?,?,0,0,0,0,0,0,0,0,0,0,0,0,0,0,0,0,0,0,0,0,0,0,0,0,0,0,0,0,0,0,0,0,0,0,0,0,0,0,0,0,0,0,0,0,0,0,0,0,0,0,0,0,0,0,0,0,0,0,0,0,0,0,0,0,0,0,0,0,0,0,0,0,0,1,0,2,0,3,0,5,0,5,0,0,0,0,5,0,0,0,0,0,0,0,0,0,0,0,0,0,0,0,0,0,0,0,0,0,0,0,0,0,0,0,0,0,0,0,0,0,?,?,?,?,?,?,?,?,?,?,?,?,?,?,?,?,?,?,?,?,?,?,?,?,?,?,?,?,?,?,?,?,?,?,?,?,?,?,?,?,?,?,?,?,?,?,?,No
21143,15219,10940,1974,05/E2,II,?,2012,?,?,?,?,?,?,?,?,?,?,?,?,?,?,?,?,?,?,?,?,?,?,?,?,?,?,?,?,?,?,?,?,?,?,?,?,?,?,?,?,?,?,?,?,?,?,?,?,?,0,0,0,0,0,0,0,0,0,0,0,0,0,0,0,0,0,0,0,0,0,0,0,0,0,0,0,0,0,0,0,0,0,0,0,0,0,0,0,0,0,0,0,0,0,0,0,0,0,0,0,0,0,0,0,0,0,0,0,0,0,0,0,0,0,0,0,0,0,0,0,0,0,0,0,0,2,0,1,4247,0,0,0,0,0,0,0,0,0,3,0,1,4247,0,0,1,0,0,0,0,0,0,13,0,7,30142,0,0,1,0,16,0,0,0,0,20,0,14,58.677002,0,0,1,0,16,0,0,0,0,20,0,14,58.677002,0,0,0.25,0,15.142858,0,0,0,0,3.866667,0,3.466667,0,0,0.25,0,0,0,0,0,0,4.916666,0,2.916667,2,3,2004,2011,2012,12,6,12,6,0,0,0,0,0,0,0,0,0,0,0,0,0,0,0,0,0,0,0,0,0,0,0,0,0,0,0,0,0,0,0,0,0,0,0,0,0,0,0,0,0,0,0,0,0,0,0,0,0,0,0,0,0,0,0,0,0,0,0,0,0,0,0,0,0,0,0,0,0,0,0,0,0,0,0,0,0,0,0,0,0,0,0,0,0,0,0,0,0,0,0,0,0,0,0,0,0,0,0,0,0,0,0,0,0,0,0,0,0,0,0,0,0,0,0,0,0,0,0,0,?,?,?,?,?,?,?,?,?,?,?,?,?,?,?,?,?,?,?,?,?,?,?,?,?,?,?,?,?,?,?,?,?,?,?,?,?,?,?,?,?,?,?,?,?,?,?,No
22504,16136,11438,1980,05/E2,II,?,2012,?,?,?,?,?,?,?,?,?,?,?,?,?,?,?,?,?,?,?,?,?,?,?,?,?,?,?,?,?,?,?,?,?,?,?,?,?,?,?,?,?,?,?,?,?,?,?,?,?,0,0,0,0,0,0,0,0,0,0,0,0,0,0,0,0,0,0,0,0,0,0,0,0,0,0,0,0,0,0,0,0,0,0,0,0,0,0,0,0,0,0,0,0,0,0,0,0,0,0,0,0,0,0,0,0,0,0,0,0,0,0,0,0,0,0,0,0,0,0,0,0,0,0,0,0,1,0,1,5877,0,0,0,0,0,0,0,0,0,1,0,1,5877,0,0,0,0,0,0,0,0,0,7,0,7,46799,0,0,0,0,0,0,0,0,0,7,0,7,46799,0,0,0,0,0,0,0,0,0,7,0,7,46799,0,0,0,0,0,0,0,0,0,0.916667,0,0.916667,0,0,0,0,0,0,0,0,0,0.916667,0,0.916667,0,0,2008,2008,2008,7,4,7,4,0,0,0,0,0,0,0,0,0,0,0,0,0,0,0,0,0,0,0,0,0,0,0,0,0,0,0,0,0,0,0,0,0,0,0,0,0,0,0,0,0,0,0,0,0,0,0,0,0,0,0,0,0,0,0,0,0,0,0,0,0,0,0,0,0,0,0,0,0,0,0,0,0,0,0,0,0,0,0,0,0,0,0,0,0,0,0,0,0,0,0,0,0,0,0,0,0,0,0,0,0,0,0,0,0,0,0,0,0,0,0,0,0,0,0,0,0,0,0,0,?,?,?,?,?,?,?,?,?,?,?,?,?,?,?,?,?,?,?,?,?,?,?,?,?,?,?,?,?,?,?,?,?,?,?,?,?,?,?,?,?,?,?,?,?,?,?,No
847,8996,9002,1972,05/E2,II,?,2012,?,?,?,?,?,?,?,?,?,?,?,?,?,?,?,?,?,?,?,?,?,?,?,?,?,?,?,?,?,?,?,?,?,?,?,?,?,?,?,?,?,?,?,?,?,?,?,?,?,0,0,0,0,0,0,0,0,0,0,0,0,0,0,0,0,0,0,0,0,0,0,0,0,0,0,0,0,0,0,0,0,0,0,0,0,0,0,0,0,0,0,0,0,0,0,0,0,0,0,0,0,0,0,0,0,0,0,0,0,0,0,0,0,0,0,0,0,0,1,0,0,0,0,0,0,2,0,1,4696,0,0,1,1,0,0,0,0,0,9,0,5,24.665001,0,0,1,3,0,0,0,0,0,16,0,9,54.429001,0,1,2,10,2,0,0,0,0,36,0,21,126619,0,1,2,10,2,0,0,0,0,37,0,22,135401,0,0.166667,0.177778,1.071428,0.214286,0,0,0,0,2.628788,0,1.969697,0,0,0.25,0.916667,0,0,0,0,0,4.666666,0,2.25,0,2,1999,1999,1999,22,8,22,8,1,0,0,0,2,0,0,0,2,0,0,0,3,0,0,0,2,0,0,0,3,0,0,0,2,0,0,0,3,0,0,0,2,0,0,0,3,0,0,0,0,0,0,0,0.5,0,0,0,0,0,0,0,0.5,0,0,0,0,0,0,0,0,0,0,0,0,0,0,0,0,0,0,0,1,1,2,2,5,5,6,6,6,6,0,0,0,0,0,0,0,0,0,0,0,0,0,0,0,0,0,0,0,0,0,0,0,0,0,0,0,0,0,0,0,0,0,0,0,0,0,0,?,?,?,?,?,?,?,?,?,?,?,?,?,?,?,?,?,?,?,?,?,?,?,?,?,?,?,?,?,?,?,?,?,?,?,?,?,?,?,?,?,?,?,?,?,?,?,Si
876,190,9319,1969,05/E2,II,9654,2012,35,3265,3265,3265,05/F1,Assistant,0,0,1,1,0,0,0,0,0,0,'Nessuna afferenza',?,ITC4C,1,Yes,1998,No,No,Yes,No,Yes,Yes,Yes,No,Yes,Yes,1534,582,1,0,0,0,14260876,5959.9717,14260876,5959.9717,?,2012,05/F1,35,1666,mila_bic,?,1,0,0,0,0,0,0,0,1,0,0,0,0,0,0,0,2,0,0,0,4,0,0,0,12,0,0,0,8,0,0,0,17,0,0,0,8,0,0,0,17,0,0,0,1.142857,0,0,0,2.619048,0,0,0,0.7,0,0,0,2.8,0,0,7,2,7,7,7,0,7,7,0,0,0,0,0,0,0,0,0,5,0,4,21.297001,0,0,0,0,0,0,0,0,0,9,0,8,50.09,0,0,0,0,0,0,0,0,0,26,0,23,144.01401,0,0,0,0,0,0,0,2,0,40,0,35,252.50101,0,0,0,0,0,0,0,2,0,44,0,36,255.61301,0,0,0,0,0,0,0,0.666667,0,3.75641,0,3.818182,0,0,0,0,0,0,0,0,0,0.7,0,0.8,0,3,1994,1994,1997,40,13,40,13,0,0,0,0,0,0,0,0,0,0,0,0,0,0,0,0,0,0,0,0,0,0,0,0,0,0,0,0,0,0,0,0,0,0,0,0,0,0,0,0,0,0,0,0,0,0,0,0,0,0,0,0,0,0,0,0,0,0,0,0,0,0,0,0,0,0,0,0,0,0,0,0,0,0,0,0,0,0,0,0,0,0,0,0,0,0,0,0,0,0,0,0,0,0,0,0,0,0,0,0,0,0,0,0,0,0,0,0,0,0,0,0,0,0,0,0,0,0,0,0,?,?,?,?,?,?,?,?,?,?,?,?,?,?,?,?,?,?,?,?,?,?,?,?,?,?,?,?,?,?,?,?,?,?,?,?,?,?,?,?,?,?,?,?,?,?,?,Si
2080,1148,4505,1979,05/E2,II,?,2012,?,?,?,?,?,?,?,?,?,?,?,?,?,?,?,?,?,?,?,?,?,?,?,?,?,?,?,?,?,?,?,?,?,?,?,?,?,?,?,?,?,?,?,?,?,?,?,?,?,0,0,0,0,0,0,0,0,0,0,0,0,0,0,0,0,0,0,0,0,0,0,0,0,0,0,0,0,0,0,0,0,0,0,0,0,0,0,0,0,0,0,0,0,0,0,0,0,0,0,0,0,0,0,0,0,0,0,0,0,0,0,0,0,0,0,0,0,0,0,0,0,0,0,0,0,1,0,1,7357,0,0,0,2,0,0,0,0,0,2,0,2,17.254999,0,0,0,6,0,0,0,0,0,7,0,7,48.898998,0,0,0,10,0,0,0,0,0,19,0,18,91.016998,0,0,0,10,0,0,0,0,0,19,0,18,91.016998,0,0,0,0.952381,0,0,0,0,0,4.238095,0,2.952381,0,0,0,1.666667,0,0,0,0,0,0.916667,0,0.916667,0,0,2005,2011,2011,18,9,17,8,0,0,0,0,0,0,0,0,0,0,0,0,0,0,0,0,0,0,0,0,0,0,0,0,0,0,0,0,0,0,0,0,0,0,0,0,0,0,0,0,0,0,0,0,0,0,0,0,0,0,0,0,0,0,0,0,0,0,0,0,0,0,0,0,0,0,0,0,0,0,0,0,0,1,0,2,0,4,0,4,0,4,0,0,0,0,4,0,0,0,0,0,0,0,0,0,0,0,0,0,0,0,0,0,0,0,0,0,0,0,0,0,0,0,0,0,0,0,0,0,?,?,?,?,?,?,?,?,?,?,?,?,?,?,?,?,?,?,?,?,?,?,?,?,?,?,?,?,?,?,?,?,?,?,?,?,?,?,?,?,?,?,?,?,?,?,?,Si
2991,1627,3727,1970,05/E2,II,73351,2012,6,5770,?,5770,05/E2,Assistant,0,0,1,1,0,0,0,0,0,0,'Classe di Scienze Sperimentali',Scienze,ITI17,1,Yes,1987,No,No,No,No,Yes,No,Yes,Yes,Yes,No,275,322,?,?,?,?,11642788,4016218,11642788,4016218,?,2012,05/E2,6,1678,pisa_sant,?,1,0,1,0,0,0,0,0,0,0,0,0,0,0,0,0,0,0,0,0,0,0,0,0,0,0,0,0,0,0,0,0,0,0,0,0,0,0,0,0,0,0,0,0,0,0,0,0,0,0,0,0,0,0,0,0,0,0,0,0,0,0,0,0,0,0,0,0,0,0,0,0,0,0,0,0,2,0,2,41486,0,0,0,0,0,0,0,0,0,4,0,3,45.311001,0,0,0,0,0,0,0,0,0,14,0,9,100584,0,0,2,0,0,0,0,0,0,22,0,16,156.94501,0,0,2,0,0,0,0,0,0,22,0,16,156.94501,0,0,0.238095,0,0,0,0,0,0,2.214286,0,1.714286,0,0,0,0,0,0,0,0,0,1.7,0,0.2,0,0,2005,2006,2005,16,8,16,8,0,1,0,0,0,2,0,0,0,2,0,0,0,3,0,0,0,2,0,0,0,3,0,0,0,2,0,0,0,3,0,0,0,2,0,0,0,3,0,0,0,0,0,0,0,0.5,0,0,0,0,0,0,0,0.5,0,0,0,0,0,0,0,0,0,0,0,0,0,0,0,0,0,0,0,0,0,0,0,0,0,0,0,0,0,0,0,0,0,0,0,0,0,0,0,0,0,0,0,0,0,0,0,0,0,0,0,0,0,0,0,0,0,0,0,0,0,0,0,0,0,0,?,?,?,?,?,?,?,?,?,?,?,?,?,?,?,?,?,?,?,?,?,?,?,?,?,?,?,?,?,?,?,?,?,?,?,?,?,?,?,?,?,?,?,?,?,?,?,Si
3070,1668,7445,1968,05/E2,II,?,2012,?,?,?,?,?,?,?,?,?,?,?,?,?,?,?,?,?,?,?,?,?,?,?,?,?,?,?,?,?,?,?,?,?,?,?,?,?,?,?,?,?,?,?,?,?,?,?,?,?,0,0,0,0,3,0,0,0,3,0,0,0,6,0,0,0,6,0,0,0,9,0,0,0,9,0,0,0,9,0,0,0,9,0,0,0,9,0,0,0,9,0,0,0,0,0,0,0,0,0,0,0,0,0,0,0,0,0,0,3,0,3,3,3,0,3,3,0,0,0,0,0,0,0,0,0,4,0,4,27.160999,0,0,0,0,0,0,0,0,0,9,0,8,43.217999,0,0,0,0,0,0,0,0,0,19,0,14,74777,0,0,0,0,0,0,0,0,0,53,0,37,203.51199,0,0,0,0,0,0,0,0,0,61,0,45,238.44,0,0,0,0,0,0,0,0,0,3.7625,0,2.695833,0,0,0,0,0,0,0,0,0,2.7,0,4.7,0,1,1997,1999,1999,45,14,45,14,0,0,0,1,0,0,0,1,0,0,0,1,0,0,0,1,0,0,0,1,0,0,0,1,0,0,0,1,0,0,0,1,0,0,0,1,0,0,0,1,0,0,0,0,0,0,0,0,0,0,0,0,0,0,0,0,0,0,0,0,0,0,0,0,0,0,0,0,0,0,0,0,0,0,0,0,0,0,0,0,0,0,0,0,0,0,0,0,0,0,0,0,0,0,0,0,0,0,0,0,0,0,0,0,0,0,0,0,0,0,0,0,0,0,0,0,0,0,0,0,?,?,?,?,?,?,?,?,?,?,?,?,?,?,?,?,?,?,?,?,?,?,?,?,?,?,?,?,?,?,?,?,?,?,?,?,?,?,?,?,?,?,?,?,?,?,?,Si
3516,1913,3021,1971,05/E2,II,?,2012,?,?,?,?,?,?,?,?,?,?,?,?,?,?,?,?,?,?,?,?,?,?,?,?,?,?,?,?,?,?,?,?,?,?,?,?,?,?,?,?,?,?,?,?,?,?,?,?,?,0,0,0,0,0,0,0,0,0,0,1,0,0,0,0,0,0,0,2,0,0,0,1,0,0,1,6,0,0,1,3,0,0,5,9,0,0,1,3,0,0,5,9,0,0,0.111111,0.285714,0,0,0.277778,0.238095,0,0,0,0.2,0,0,0.2,0.2,9,9,8,6,9,9,4,2,0,0,0,0,0,0,0,0,0,1,0,1,4744,0,0,0,0,0,0,0,0,0,7,0,4,16.846001,0,0,0,0,0,0,0,0,0,12,0,9,43.506001,0,0,0,0,0,0,0,0,0,26,0,21,103332,0,0,0,0,0,0,0,0,2,33,0,25,132259,0,0,0,0,0,0,0,0,0.116667,1.885714,0,0.489011,0,0,0,0,0,0,0,0,0,4.3,0,0.7,1,2,1994,1996,1997,27,9,25,9,0,0,0,0,0,0,0,0,0,0,0,0,0,0,0,0,0,0,0,0,0,0,0,0,0,0,0,0,0,0,0,0,0,0,0,0,0,0,0,0,0,0,0,0,0,0,0,0,0,0,0,0,0,0,0,0,0,0,0,0,0,0,0,0,0,0,0,0,0,0,0,0,0,1,0,2,0,7,0,15,0,16,0,0.192308,0,0.3,13,0,0,0,0,0,0,0,0,0,0,0,0,0,0,0,0,0,0,0,0,0,0,0,0,0,0,0,0,0,0,0,0,0,?,?,?,?,?,?,?,?,?,?,?,?,?,?,?,?,?,?,?,?,?,?,?,?,?,?,?,?,?,?,?,?,?,?,?,?,?,?,?,?,?,?,?,?,?,?,?,Si
5066,8573,2479,1970,05/E2,II,4163,2012,48,434,434,434,05/H1,Assistant,0,0,1,1,0,0,0,0,0,0,'Nessuna afferenza',?,ITI45,1,Yes,1981,Yes,No,Yes,Yes,Yes,Yes,Yes,No,Yes,Yes,1813,1379,0,1,0,0,10129918,13886259,10129918,13886259,?,2012,05/H1,48,183,roma_tor,?,1,0,0,0,1,0,0,0,2,0,0,0,2,0,0,0,4,0,0,0,3,0,0,0,8,0,0,0,5,0,0,0,12,0,0,0,5,0,0,0,12,0,0,0,0.267857,0,0,0,0.285714,0,0,0,0.3,0,0,0,0.3,0,0,8,3,8,8,8,0,8,8,0,0,0,0,1,0,0,0,0,3,0,3,13495,0,0,0,0,1,0,0,0,2,6,0,7,73.290001,0,0,1,0,3,0,0,0,2,9,0,10,96.104996,0,0,1,0,11,0,0,0,2,19,0,20,190326,0,0,1,0,14,0,0,0,2,20,0,20,190326,0,0,0.25,0,0.352381,0,0,0,2,0.935897,0,1.163636,0,0,0.2,0,0.3,0,0,0,0.8,1.2,0,2,3,4,1997,1999,2004,18,6,17,6,0,0,0,0,0,0,0,0,0,0,0,0,0,0,0,0,0,0,0,0,0,0,0,0,0,0,0,0,0,0,0,0,0,0,0,0,0,0,0,0,0,0,0,0,0,0,0,0,0,0,0,0,0,0,0,0,0,0,0,0,0,0,0,0,0,0,0,0,0,0,0,0,1,0,2,0,4,0,4,6,4,7,0,0.982143,0,0,4,4,0,0,0,0,0,0,0,0,0,0,0,0,0,0,0,0,0,0,0,0,0,0,0,0,0,0,0,0,0,0,0,0,?,?,?,?,?,?,?,?,?,?,?,?,?,?,?,?,?,?,?,?,?,?,?,?,?,?,?,?,?,?,?,?,?,?,?,?,?,?,?,?,?,?,?,?,?,?,?,Si
6614,6160,241,1971,05/E2,II,66424,2012,29,4110,4110,4110,05/E2,Assistant,0,0,1,1,0,0,0,0,0,0,'Medicina e Chirurgia','Medicina e Chirurgia',ITE1,1,No,1924,Yes,No,Yes,Yes,Yes,Yes,Yes,Yes,Yes,Yes,2265,777,0,0,1,0,26275744,15134.7,26275744,15134.7,?,2012,05/E2,29,1536,firenz,?,1,0,1,0,0,0,0,0,0,0,0,0,0,0,0,0,0,0,0,0,0,0,0,0,0,0,0,0,0,0,0,0,0,0,0,0,0,0,0,0,0,0,0,0,0,0,0,0,0,0,0,0,0,0,0,0,0,0,0,0,0,0,0,0,0,0,0,0,0,0,0,0,0,0,0,0,5,0,4,24733,0,0,0,0,0,0,0,0,0,6,0,5,29021,0,0,0,0,0,0,0,0,0,11,0,10,57.685997,0,0,0,0,0,0,0,0,0,30,0,27,171.48799,0,0,0,0,0,0,0,0,0,36,0,30,187317,0,0,0,0,0,0,0,0,0,1.235294,0,0.916667,0,0,0,0,0,0,0,0,0,2.7,0,1.5,0,1,1996,1997,1997,29,6,29,6,0,0,0,0,0,0,0,0,0,0,0,0,0,0,0,0,0,0,0,0,0,0,0,0,0,0,0,0,0,0,0,0,0,0,0,0,0,0,0,0,0,0,0,0,0,0,0,0,0,0,0,0,0,0,0,0,0,0,0,0,0,0,0,0,0,0,0,0,0,0,0,0,0,0,0,0,0,0,0,0,0,0,0,0,0,0,0,0,0,0,0,0,0,0,0,0,0,0,0,0,0,0,0,0,0,0,0,0,0,0,0,0,0,0,0,0,0,0,0,0,?,?,?,?,?,?,?,?,?,?,?,?,?,?,?,?,?,?,?,?,?,?,?,?,?,?,?,?,?,?,?,?,?,?,?,?,?,?,?,?,?,?,?,?,?,?,?,Si
7739,6836,6456,1966,05/E2,II,73102,2012,58,3208,?,3208,05/E2,Assistant,0,0,1,1,0,0,0,0,0,0,'Medicina e Chirurgia','Medicina e Chirurgia',ITH31,1,Yes,1982,Yes,No,Yes,Yes,Yes,Yes,No,Yes,Yes,Yes,208,75,0,1,0,0,4840.3579,489.88391,4840.3579,489.88391,?,2012,05/E2,58,1682,veron,?,1,0,1,0,0,0,0,1,0,0,1,1,0,0,0,3,0,0,3,1,0,0,2,8,1,0,5,3,3,0,5,12,5,0,11,3,3,0,5,12,5,0,11,0.267857,0.25,0,0.672727,0.285714,0.277778,0,0.8,0.2,0,0,0.8,0.3,0.2,0,1,8,8,11,8,3,6,11,4,0,0,0,0,0,0,0,0,0,3,0,3,14963,0,0,0,0,4,0,0,0,0,5,0,5,23813,1,0,0,0,15,0,0,1,0,10,0,9,66.015999,12,0,0,0,42,0,0,2,0,17,0,14,80.683998,12,0,3,0,67,0,0,3,0,37,0,21,124437,1.090909,0,0.123377,0,8.173914,0,0,0.192308,0,1.655844,0,1.542857,0.2,0,0,0,4,0,0,0.2,0,2.5,0,1.7,7,13,1989,2003,2003,34,9,34,9,0,0,0,0,0,0,0,0,0,0,0,0,0,0,0,0,0,0,0,0,0,0,0,0,0,0,0,0,0,0,0,0,0,0,0,0,0,0,0,0,0,0,0,0,0,0,0,0,0,0,0,0,0,0,0,0,0,0,0,0,0,0,0,0,0,0,0,0,0,0,0,0,0,0,0,0,0,0,0,0,0,0,0,0,0,0,0,0,0,0,0,0,0,0,0,0,0,0,0,0,0,0,0,0,0,0,0,0,0,0,0,0,0,0,0,0,0,0,0,0,?,?,?,?,?,?,?,?,?,?,?,?,?,?,?,?,?,?,?,?,?,?,?,?,?,?,?,?,?,?,?,?,?,?,?,?,?,?,?,?,?,?,?,?,?,?,?,Si
8540,7329,1474,1970,05/E2,II,?,2012,?,?,?,?,?,?,?,?,?,?,?,?,?,?,?,?,?,?,?,?,?,?,?,?,?,?,?,?,?,?,?,?,?,?,?,?,?,?,?,?,?,?,?,?,?,?,?,?,?,0,0,0,0,0,0,2,0,0,0,2,0,0,0,2,0,0,0,3,0,0,0,3,0,0,3,6,0,0,2,5,0,0,5,11,0,0,2,5,0,0,5,11,0,0,0.666667,0.527778,0,0,0.966667,0.194444,0,0,0,0.8,0,0,0.8,0.2,9,9,8,5,9,9,6,0,0,0,0,0,0,0,0,0,0,4,0,3,20.349001,0,0,0,0,0,0,0,0,0,6,0,5,30.835001,0,0,0,0,0,0,0,0,0,9,0,8,59.199001,0,0,0,0,0,0,0,0,0,31,0,25,159.69901,0,0,0,0,0,0,0,0,2,34,0,30,170642,0,0,0,0,0,0,0,0,0.333333,2.333333,0,1.727273,0,0,0,0,0,0,0,0,0,1.583333,0,0.666667,0,1,1998,1998,2010,30,6,30,6,0,0,0,0,0,0,0,0,0,0,0,0,0,0,0,0,0,0,0,0,0,0,0,0,0,0,0,0,0,0,0,0,0,0,0,0,0,0,0,0,0,0,0,0,0,0,0,0,0,0,0,0,0,0,0,0,0,0,0,0,0,0,0,0,0,0,0,0,0,0,0,0,0,0,0,0,0,0,0,0,0,0,0,0,0,0,0,0,0,0,0,0,0,0,0,0,0,0,0,0,0,0,0,0,0,0,0,0,0,0,0,0,0,0,0,0,0,0,0,0,?,?,?,?,?,?,?,?,?,?,?,?,?,?,?,?,?,?,?,?,?,?,?,?,?,?,?,?,?,?,?,?,?,?,?,?,?,?,?,?,?,?,?,?,?,?,?,Si
8656,7394,6631,1974,05/E2,II,?,2012,?,?,?,?,?,?,?,?,?,?,?,?,?,?,?,?,?,?,?,?,?,?,?,?,?,?,?,?,?,?,?,?,?,?,?,?,?,?,?,?,?,?,?,?,?,?,?,?,?,0,0,0,0,0,0,0,0,2,0,0,0,1,0,0,0,4,0,0,0,2,0,0,0,5,0,0,0,2,0,0,0,5,0,0,0,2,0,0,0,5,0,0,0,0.333333,0,0,0,0.333333,0,0,0,0.333333,0,0,0,0.333333,0,0,3,1,3,3,3,0,3,3,0,0,0,0,0,0,0,0,0,2,0,1,8371,0,0,0,2,0,0,0,0,0,5,0,4,21.632999,0,0,0,5,0,0,0,1,0,11,0,10,79987,0,0,0,23,0,0,0,1,0,24,0,20,153505,0,0,0,25,0,0,0,1,0,25,0,21,157086,0,0,0,2.952381,0,0,0,0.333333,0,0.809524,0,1.114286,0,0,0,1,0,0,0,0.2,0,0.7,0,1,1,3,1998,1998,1998,21,6,21,6,0,0,0,0,0,0,0,0,0,0,0,0,0,0,0,0,0,0,0,0,0,0,0,0,0,0,0,0,0,0,0,0,0,0,0,0,0,0,0,0,0,0,0,0,0,0,0,0,0,0,0,0,0,0,0,0,0,0,0,0,0,0,0,0,0,0,0,0,0,0,0,0,0,0,0,0,0,0,0,0,0,0,0,0,0,0,0,0,0,0,0,0,0,0,0,0,0,0,0,0,0,0,0,0,0,0,0,0,0,0,0,0,0,0,0,0,0,0,0,0,?,?,?,?,?,?,?,?,?,?,?,?,?,?,?,?,?,?,?,?,?,?,?,?,?,?,?,?,?,?,?,?,?,?,?,?,?,?,?,?,?,?,?,?,?,?,?,Si
9903,8170,5705,1960,05/E2,II,?,2012,?,?,?,?,?,?,?,?,?,?,?,?,?,?,?,?,?,?,?,?,?,?,?,?,?,?,?,?,?,?,?,?,?,?,?,?,?,?,?,?,?,?,?,?,?,?,?,?,?,0,0,0,0,0,0,2,0,0,0,3,0,0,0,3,0,0,0,4,0,0,0,3,0,1,0,6,0,3,0,7,0,9,0,17,0,4,0,12,0,11,0,32,0,0.21978,0,0.557143,0,0.181319,0,0.561905,0,0,0,0.916667,0,0.25,0,1,21,17,21,12,21,10,21,2,0,0,0,0,0,1,0,0,1,4,0,3,15269,0,0,0,0,0,2,0,0,2,5,0,3,15269,0,0,0,0,0,2,0,0,2,8,0,6,29271,0,3,1,0,0,3,0,0,2,18,0,17,99.609001,0,3,2,0,0,3,1,0,3,53,0,23,139214,0,0.553571,0.08658,0,0,0.3,0.0625,0,0.128571,2.039526,0,1.358974,0,0,0,0,0,0.333333,0,0,0.333333,2.333333,0,3,0,12,1986,1986,1997,45,11,43,11,0,0,0,0,0,2,0,1,0,2,0,0,0,4,0,2,0,2,0,1,0,4,0,4,0,2,0,1,0,4,0,4,0,2,0,1,0,4,0,4,0,2,0,0.25,0,0,0,0,0,1,0,0.25,0,1.333333,0,0,0,0,0,0,0,0,0,0,0,0,0,0,0,0,0,0,0,0,0,0,0,0,0,0,0,0,0,0,0,0,0,0,0,0,0,0,0,0,0,0,0,0,0,0,0,0,0,0,0,0,0,0,0,0,0,0,0,0,0,0,0,0,0,0,?,?,?,?,?,?,?,?,?,?,?,?,?,?,?,?,?,?,?,?,?,?,?,?,?,?,?,?,?,?,?,?,?,?,?,?,?,?,?,?,?,?,?,?,?,?,?,Si
11606,9228,8479,1966,05/E2,II,?,2012,?,?,?,?,?,?,?,?,?,?,?,?,?,?,?,?,?,?,?,?,?,?,?,?,?,?,?,?,?,?,?,?,?,?,?,?,?,?,?,?,?,?,?,?,?,?,?,?,?,0,0,0,0,0,0,1,0,0,0,2,0,0,0,1,0,0,0,3,0,0,0,2,0,0,0,7,0,0,0,6,0,0,0,14,0,0,0,6,0,0,0,14,0,0,0,0.272727,0,0,0,0.151515,0,0,0,0.3,0,0,0,0.3,12,12,12,6,12,12,12,0,0,0,0,0,0,0,0,0,0,7,0,1,3377,0,0,0,0,0,0,0,0,0,13,0,6,21.33,0,0,1,0,0,0,0,0,0,40,0,29,121806,0,0,1,0,0,0,0,0,0,68,0,56,251382,0,0,1,0,0,0,0,0,0,72,0,59,260349,0,0,0.25,0,0,0,0,0,0,10.4,0,7.1625,0,0,0.2,0,0,0,0,0,0,8.499999,0,10.700001,0,0,1997,1997,1997,63,18,63,18,0,0,0,0,0,0,0,0,0,0,0,0,0,0,0,0,0,0,0,0,0,0,0,0,0,0,0,0,0,0,0,0,0,0,0,0,0,0,0,0,0,0,0,0,0,0,0,0,0,0,0,0,0,0,0,0,0,0,0,0,0,0,0,0,0,0,0,0,0,0,0,0,0,0,0,0,0,0,0,0,0,0,0,0,0,0,0,0,0,0,0,0,0,0,0,0,0,0,0,0,0,0,0,0,0,0,0,0,0,0,0,0,0,0,0,0,0,0,0,0,?,?,?,?,?,?,?,?,?,?,?,?,?,?,?,?,?,?,?,?,?,?,?,?,?,?,?,?,?,?,?,?,?,?,?,?,?,?,?,?,?,?,?,?,?,?,?,Si
13475,10367,12711,1967,05/E2,II,?,2012,?,?,?,?,?,?,?,?,?,?,?,?,?,?,?,?,?,?,?,?,?,?,?,?,?,?,?,?,?,?,?,?,?,?,?,?,?,?,?,?,?,?,?,?,?,?,?,?,?,0,0,0,0,0,0,0,0,0,0,0,0,0,0,0,0,0,0,0,0,0,0,0,0,0,0,0,0,0,0,0,0,0,0,0,0,0,0,0,0,0,0,0,0,0,0,0,0,0,0,0,0,0,0,0,0,0,0,0,0,0,0,0,0,0,0,0,0,0,0,0,0,0,0,0,0,0,0,0,0,0,0,0,0,0,0,0,0,0,0,0,0,0,0,0,0,0,0,0,0,0,0,0,0,0,0,0,0,0,0,0,0,0,0,0,0,0,0,0,0,0,0,0,0,0,0,0,0,0,0,0,0,0,0,0,0,0,0,0,0,0,0,0,0,0,0,0,0,0,0,0,0,0,0,0,0,0,0,?,?,?,?,?,?,?,0,0,0,0,0,0,0,0,0,0,0,0,0,0,0,0,0,0,0,0,0,0,0,0,0,0,0,0,0,0,0,0,0,0,0,0,0,0,0,0,0,0,0,0,0,0,0,0,0,0,0,0,0,0,0,0,0,0,0,0,0,0,0,0,0,0,0,0,0,0,0,0,0,0,0,0,0,0,0,0,0,0,0,0,0,0,0,0,0,0,0,0,0,0,0,0,0,0,0,0,0,0,0,0,0,0,0,0,0,0,0,0,0,0,0,0,0,0,0,0,?,?,?,?,?,?,?,?,?,?,?,?,?,?,?,?,?,?,?,?,?,?,?,?,?,?,?,?,?,?,?,?,?,?,?,?,?,?,?,?,?,?,?,?,?,?,?,Si
14461,10952,11244,1957,05/E2,II,2262,2012,47,3575,?,3575,05/E2,Assistant,0,0,1,1,0,0,0,0,0,0,'Farmacia e Medicina ( )','Farmacia  Biotecnologie e Scienze motorie',ITI44,1,Yes,1303,Yes,No,Yes,Yes,Yes,Yes,Yes,No,Yes,Yes,2379,963,0,0,0,1,21241299,30021916,21241299,30021916,?,2012,05/E2,47,1463,roma_sap,?,1,0,1,0,0,0,0,1,1,0,0,0,0,0,0,3,2,0,0,2,1,0,0,10,3,0,0,4,3,0,0,18,8,0,0,5,4,0,0,19,12,0,0,0.238095,0.191176,0,0,0.495238,0.220588,0,0,0.3,0.2,0,0,0.5,0.3,0,0,12,13,17,17,3,5,17,17,0,0,0,0,0,0,0,0,0,2,0,2,6964,0,0,0,0,0,0,0,0,0,5,0,5,17768,0,0,1,0,0,0,0,0,0,11,0,8,27.528999,0,0,1,0,2,0,0,0,0,27,0,20,68.143997,0,0,2,0,4,0,0,0,0,34,0,23,91.719002,0,0,0.131868,0,0.191176,0,0,0,0,625,0,0.401099,0,0,0.2,0,0,0,0,0,0,0.7,0,0.8,0,3,1991,1991,1999,26,8,26,8,0,0,0,0,0,0,0,0,0,0,0,0,0,0,0,0,0,0,0,0,0,0,0,0,0,0,0,0,0,0,0,0,0,0,0,0,0,0,0,0,0,0,0,0,0,0,0,0,0,0,0,0,0,0,0,0,0,0,0,0,0,0,0,0,0,0,0,0,0,0,0,0,0,0,0,0,0,0,0,0,0,0,0,0,0,0,0,0,0,0,0,0,0,0,0,0,0,0,0,0,0,0,0,0,0,0,0,0,0,0,0,0,0,0,0,0,0,0,0,0,?,?,?,?,?,?,?,?,?,?,?,?,?,?,?,?,?,?,?,?,?,?,?,?,?,?,?,?,?,?,?,?,?,?,?,?,?,?,?,?,?,?,?,?,?,?,?,Si
19626,14225,12107,1969,05/E2,II,?,2012,?,?,?,?,?,?,?,?,?,?,?,?,?,?,?,?,?,?,?,?,?,?,?,?,?,?,?,?,?,?,?,?,?,?,?,?,?,?,?,?,?,?,?,?,?,?,?,?,?,0,0,0,0,0,0,0,0,0,0,1,0,0,0,0,0,0,0,2,0,1,0,2,0,1,0,5,0,1,0,2,0,1,0,5,0,1,0,2,0,1,0,5,0,0.333333,0,0.333333,0,0.333333,0,0.25,0,0.25,0,0.333333,0,0.25,0,0.25,4,3,4,2,4,3,4,0,0,0,0,0,0,0,0,0,0,3,0,1,4469,0,0,0,0,0,0,0,0,0,6,0,4,30.351999,0,0,2,0,0,0,0,0,0,14,0,11,81.629997,0,0,5,0,0,0,0,0,0,30,0,27,151802,0,0,6,0,0,0,0,0,0,51,0,37,236.69701,0,0,0.454545,0,0,0,0,0,0,2.029412,0,2.247253,0,0,0.3,0,0,0,0,0,0,2.2,0,1.7,0,4,1993,1995,2002,44,8,44,8,0,0,0,0,1,0,0,0,0,0,0,0,2,0,0,0,1,0,0,0,3,0,0,0,1,0,0,0,3,0,0,0,1,0,0,0,3,0,0,0,0.333333,0,0,0,0,0,0,0,0.333333,0,0,0,0,0,0,0,0,0,0,0,0,0,0,0,0,0,0,0,0,0,0,0,0,0,0,0,0,0,0,0,0,0,0,0,0,0,0,0,0,0,0,0,0,0,0,0,0,0,0,0,0,0,0,0,0,0,0,0,0,0,0,0,0,0,0,0,0,0,0,0,?,?,?,?,?,?,?,?,?,?,?,?,?,?,?,?,?,?,?,?,?,?,?,?,?,?,?,?,?,?,?,?,?,?,?,?,?,?,?,?,?,?,?,?,?,?,?,Si
20826,15001,13024,1964,05/E2,II,?,2012,?,?,?,?,?,?,?,?,?,?,?,?,?,?,?,?,?,?,?,?,?,?,?,?,?,?,?,?,?,?,?,?,?,?,?,?,?,?,?,?,?,?,?,?,?,?,?,?,?,0,0,0,0,0,0,0,0,1,0,1,0,0,0,0,0,2,0,2,0,1,0,1,0,5,0,4,0,3,0,2,0,12,0,6,0,3,0,2,0,12,0,6,0,0.192308,0,0.238095,0,0.076923,0,0.142857,0,0.2,0,0.2,0,0,0,0.2,13,10,13,11,13,1,13,7,0,0,0,0,0,0,0,0,0,4,0,2,15914,0,0,0,0,0,0,0,0,0,8,0,6,34.344002,0,0,0,0,0,0,0,0,0,17,0,14,77.216003,0,0,0,0,0,0,0,0,0,29,0,21,124342,0,0,0,0,0,0,0,0,0,41,0,24,132.34399,0,0,0,0,0,0,0,0,0,1.257353,0,1.604396,0,0,0,0,0,0,0,0,0,0.8,0,0.7,0,6,1994,1996,1997,31,11,31,11,0,0,0,0,0,0,0,0,0,0,0,0,0,0,0,0,0,0,0,0,0,0,0,0,0,0,0,0,0,0,0,0,0,0,0,0,0,0,0,0,0,0,0,0,0,0,0,0,0,0,0,0,0,0,0,0,0,0,0,0,0,0,0,0,0,0,0,0,0,0,0,0,0,0,0,0,0,0,0,0,0,0,0,0,0,0,0,0,0,0,0,0,0,0,0,0,0,0,0,0,0,0,0,0,0,0,0,0,0,0,0,0,0,0,0,0,0,0,0,0,?,?,?,?,?,?,?,?,?,?,?,?,?,?,?,?,?,?,?,?,?,?,?,?,?,?,?,?,?,?,?,?,?,?,?,?,?,?,?,?,?,?,?,?,?,?,?,Si
20919,15063,12013,1968,05/E2,II,32858,2012,34,4180,4180,4180,05/E2,Assistant,0,0,1,1,0,0,0,0,0,0,'Scienze Matematiche Fisiche e Naturali',Scienze,ITC4C,1,Yes,1924,Yes,No,No,Yes,Yes,Yes,Yes,Yes,Yes,Yes,3778,1796,0,1,0,0,31351723,18842732,31351723,18842732,?,2012,05/E2,34,1560,milan,?,1,0,1,0,0,0,0,0,0,0,0,0,0,0,0,0,0,0,0,0,0,0,0,0,0,0,0,0,0,0,0,0,0,0,0,0,0,0,0,0,0,0,0,0,0,0,0,0,0,0,0,0,0,0,0,0,0,0,0,0,0,0,0,0,0,0,0,0,0,0,0,0,0,0,0,0,2,0,2,12008,0,0,0,0,0,0,0,0,0,2,0,2,12008,0,0,0,0,0,0,0,0,0,9,0,7,33.948002,0,0,0,0,0,0,0,0,0,29,0,25,169867,0,0,1,0,0,0,0,0,0,37,0,29,184.56,0,0,0.083333,0,0,0,0,0,0,0.838095,0,0.858974,0,0,0,0,0,0,0,0,0,0.25,0,0.916667,0,2,1995,2003,2003,34,8,34,8,0,1,0,0,0,1,0,0,0,1,0,0,0,1,0,0,0,1,0,0,0,1,0,0,0,1,0,0,0,1,0,0,0,1,0,0,0,1,0,0,0,0,0,0,0,0,0,0,0,0,0,0,0,0,0,0,0,0,0,0,0,0,0,0,0,0,0,0,0,0,0,0,0,0,0,0,0,0,0,0,0,0,0,0,0,0,0,0,0,0,0,0,0,0,0,0,0,0,0,0,0,0,0,0,0,0,0,0,0,0,0,0,0,0,0,0,0,0,0,0,?,?,?,?,?,?,?,?,?,?,?,?,?,?,?,?,?,?,?,?,?,?,?,?,?,?,?,?,?,?,?,?,?,?,?,?,?,?,?,?,?,?,?,?,?,?,?,Si
